summary_group,item_name,hf_type,fy,num,den,avg_score,section
"Are TB diagnostics continuously functional (microscopy and Expert) and their results available timely (microscopy, expert and culture)?[Questions 3, 4, 5, 6 and 7]","Durant le mois passé, combien de jours le microscope optique ou LED était opérationnel ?",Health Center,2020-2021,1270.0,2130.0,59.624413145539904,diagnosis
"Are TB diagnostics continuously functional (microscopy and Expert) and their results available timely (microscopy, expert and culture)?[Questions 3, 4, 5, 6 and 7]","Durant le mois passé, combien de jours le microscope optique ou LED était opérationnel ?",Health Center,2021-2022,1298.0,2070.0,62.70531400966184,diagnosis
"Are TB diagnostics continuously functional (microscopy and Expert) and their results available timely (microscopy, expert and culture)?[Questions 3, 4, 5, 6 and 7]","Durant le mois passé, combien de jours le microscope optique ou LED était opérationnel ?",Health Center,2022-2023,602.0,960.0,62.708333333333336,diagnosis
"Are TB diagnostics continuously functional (microscopy and Expert) and their results available timely (microscopy, expert and culture)?[Questions 3, 4, 5, 6 and 7]","Durant le mois passé, combien de jours le microscope optique ou LED était opérationnel ?",Health Center,2023-2024,1309.0,2130.0,61.455399061032864,diagnosis
"Are TB diagnostics continuously functional (microscopy and Expert) and their results available timely (microscopy, expert and culture)?[Questions 3, 4, 5, 6 and 7]","Durant le mois passé, combien de jours le microscope optique ou LED était opérationnel ?","Hospital (DH,PH,RH)",2020-2021,690.0,720.0,95.83333333333334,diagnosis
"Are TB diagnostics continuously functional (microscopy and Expert) and their results available timely (microscopy, expert and culture)?[Questions 3, 4, 5, 6 and 7]","Durant le mois passé, combien de jours le microscope optique ou LED était opérationnel ?","Hospital (DH,PH,RH)",2021-2022,570.0,630.0,90.47619047619048,diagnosis
"Are TB diagnostics continuously functional (microscopy and Expert) and their results available timely (microscopy, expert and culture)?[Questions 3, 4, 5, 6 and 7]","Durant le mois passé, combien de jours le microscope optique ou LED était opérationnel ?","Hospital (DH,PH,RH)",2022-2023,235.0,240.0,97.91666666666666,diagnosis
"Are TB diagnostics continuously functional (microscopy and Expert) and their results available timely (microscopy, expert and culture)?[Questions 3, 4, 5, 6 and 7]","Durant le mois passé, combien de jours le microscope optique ou LED était opérationnel ?","Hospital (DH,PH,RH)",2023-2024,1510.0,1560.0,96.7948717948718,diagnosis
"Are TB diagnostics continuously functional (microscopy and Expert) and their results available timely (microscopy, expert and culture)?[Questions 3, 4, 5, 6 and 7]","Pour les sites Xpert, durant le mois passé, combien de jours la machine Xpert était opérationnelle ?",Health Center,2020-2021,210.0,750.0,28.000000000000004,diagnosis
"Are TB diagnostics continuously functional (microscopy and Expert) and their results available timely (microscopy, expert and culture)?[Questions 3, 4, 5, 6 and 7]","Pour les sites Xpert, durant le mois passé, combien de jours la machine Xpert était opérationnelle ?",Health Center,2021-2022,190.0,2070.0,9.178743961352657,diagnosis
"Are TB diagnostics continuously functional (microscopy and Expert) and their results available timely (microscopy, expert and culture)?[Questions 3, 4, 5, 6 and 7]","Pour les sites Xpert, durant le mois passé, combien de jours la machine Xpert était opérationnelle ?",Health Center,2022-2023,24.0,930.0,2.5806451612903225,diagnosis
"Are TB diagnostics continuously functional (microscopy and Expert) and their results available timely (microscopy, expert and culture)?[Questions 3, 4, 5, 6 and 7]","Pour les sites Xpert, durant le mois passé, combien de jours la machine Xpert était opérationnelle ?",Health Center,2023-2024,240.0,2130.0,11.267605633802818,diagnosis
"Are TB diagnostics continuously functional (microscopy and Expert) and their results available timely (microscopy, expert and culture)?[Questions 3, 4, 5, 6 and 7]","Pour les sites Xpert, durant le mois passé, combien de jours la machine Xpert était opérationnelle ?","Hospital (DH,PH,RH)",2020-2021,472.0,570.0,82.80701754385966,diagnosis
"Are TB diagnostics continuously functional (microscopy and Expert) and their results available timely (microscopy, expert and culture)?[Questions 3, 4, 5, 6 and 7]","Pour les sites Xpert, durant le mois passé, combien de jours la machine Xpert était opérationnelle ?","Hospital (DH,PH,RH)",2021-2022,442.0,630.0,70.15873015873015,diagnosis
"Are TB diagnostics continuously functional (microscopy and Expert) and their results available timely (microscopy, expert and culture)?[Questions 3, 4, 5, 6 and 7]","Pour les sites Xpert, durant le mois passé, combien de jours la machine Xpert était opérationnelle ?","Hospital (DH,PH,RH)",2022-2023,174.0,240.0,72.5,diagnosis
"Are TB diagnostics continuously functional (microscopy and Expert) and their results available timely (microscopy, expert and culture)?[Questions 3, 4, 5, 6 and 7]","Pour les sites Xpert, durant le mois passé, combien de jours la machine Xpert était opérationnelle ?","Hospital (DH,PH,RH)",2023-2024,1434.0,1590.0,90.18867924528303,diagnosis
"Are TB diagnostics continuously functional (microscopy and Expert) and their results available timely (microscopy, expert and culture)?[Questions 3, 4, 5, 6 and 7]","Pour les sites Xpert, sur les 10 derniers patients présumés TB éligibles pour Xpert et dont leurs échantillons ont été examinés par Xpert, combien ont  les résultats Xpert disponibles endéans 3 jours de réception de l'échantillon?  ",Health Center,2020-2021,99.0,190.0,52.10526315789473,diagnosis
"Are TB diagnostics continuously functional (microscopy and Expert) and their results available timely (microscopy, expert and culture)?[Questions 3, 4, 5, 6 and 7]","Pour les sites Xpert, sur les 10 derniers patients présumés TB éligibles pour Xpert et dont leurs échantillons ont été examinés par Xpert, combien ont  les résultats Xpert disponibles endéans 3 jours de réception de l'échantillon?  ",Health Center,2021-2022,124.0,690.0,17.971014492753625,diagnosis
"Are TB diagnostics continuously functional (microscopy and Expert) and their results available timely (microscopy, expert and culture)?[Questions 3, 4, 5, 6 and 7]","Pour les sites Xpert, sur les 10 derniers patients présumés TB éligibles pour Xpert et dont leurs échantillons ont été examinés par Xpert, combien ont  les résultats Xpert disponibles endéans 3 jours de réception de l'échantillon?  ",Health Center,2022-2023,49.0,310.0,15.806451612903224,diagnosis
"Are TB diagnostics continuously functional (microscopy and Expert) and their results available timely (microscopy, expert and culture)?[Questions 3, 4, 5, 6 and 7]","Pour les sites Xpert, sur les 10 derniers patients présumés TB éligibles pour Xpert et dont leurs échantillons ont été examinés par Xpert, combien ont  les résultats Xpert disponibles endéans 3 jours de réception de l'échantillon?  ",Health Center,2023-2024,90.0,710.0,12.676056338028168,diagnosis
"Are TB diagnostics continuously functional (microscopy and Expert) and their results available timely (microscopy, expert and culture)?[Questions 3, 4, 5, 6 and 7]","Pour les sites Xpert, sur les 10 derniers patients présumés TB éligibles pour Xpert et dont leurs échantillons ont été examinés par Xpert, combien ont  les résultats Xpert disponibles endéans 3 jours de réception de l'échantillon?  ","Hospital (DH,PH,RH)",2020-2021,150.0,190.0,78.94736842105263,diagnosis
"Are TB diagnostics continuously functional (microscopy and Expert) and their results available timely (microscopy, expert and culture)?[Questions 3, 4, 5, 6 and 7]","Pour les sites Xpert, sur les 10 derniers patients présumés TB éligibles pour Xpert et dont leurs échantillons ont été examinés par Xpert, combien ont  les résultats Xpert disponibles endéans 3 jours de réception de l'échantillon?  ","Hospital (DH,PH,RH)",2021-2022,150.0,210.0,71.42857142857143,diagnosis
"Are TB diagnostics continuously functional (microscopy and Expert) and their results available timely (microscopy, expert and culture)?[Questions 3, 4, 5, 6 and 7]","Pour les sites Xpert, sur les 10 derniers patients présumés TB éligibles pour Xpert et dont leurs échantillons ont été examinés par Xpert, combien ont  les résultats Xpert disponibles endéans 3 jours de réception de l'échantillon?  ","Hospital (DH,PH,RH)",2022-2023,68.0,80.0,85.0,diagnosis
"Are TB diagnostics continuously functional (microscopy and Expert) and their results available timely (microscopy, expert and culture)?[Questions 3, 4, 5, 6 and 7]","Pour les sites Xpert, sur les 10 derniers patients présumés TB éligibles pour Xpert et dont leurs échantillons ont été examinés par Xpert, combien ont  les résultats Xpert disponibles endéans 3 jours de réception de l'échantillon?  ","Hospital (DH,PH,RH)",2023-2024,452.0,530.0,85.28301886792453,diagnosis
"Are TB diagnostics continuously functional (microscopy and Expert) and their results available timely (microscopy, expert and culture)?[Questions 3, 4, 5, 6 and 7]","Sur les 10 derniers cas presumes TB, combien ont beneficies des examens d'investigations (un ou plusieurs examens selon le cas).",Health Center,2020-2021,529.0,700.0,75.57142857142857,diagnosis
"Are TB diagnostics continuously functional (microscopy and Expert) and their results available timely (microscopy, expert and culture)?[Questions 3, 4, 5, 6 and 7]","Sur les 10 derniers cas presumes TB, combien ont beneficies des examens d'investigations (un ou plusieurs examens selon le cas).",Health Center,2021-2022,431.0,690.0,62.46376811594203,diagnosis
"Are TB diagnostics continuously functional (microscopy and Expert) and their results available timely (microscopy, expert and culture)?[Questions 3, 4, 5, 6 and 7]","Sur les 10 derniers cas presumes TB, combien ont beneficies des examens d'investigations (un ou plusieurs examens selon le cas).",Health Center,2022-2023,216.0,320.0,67.5,diagnosis
"Are TB diagnostics continuously functional (microscopy and Expert) and their results available timely (microscopy, expert and culture)?[Questions 3, 4, 5, 6 and 7]","Sur les 10 derniers cas presumes TB, combien ont beneficies des examens d'investigations (un ou plusieurs examens selon le cas).",Health Center,2023-2024,522.0,730.0,71.5068493150685,diagnosis
"Are TB diagnostics continuously functional (microscopy and Expert) and their results available timely (microscopy, expert and culture)?[Questions 3, 4, 5, 6 and 7]","Sur les 10 derniers cas presumes TB, combien ont beneficies des examens d'investigations (un ou plusieurs examens selon le cas).","Hospital (DH,PH,RH)",2020-2021,165.0,230.0,71.73913043478261,diagnosis
"Are TB diagnostics continuously functional (microscopy and Expert) and their results available timely (microscopy, expert and culture)?[Questions 3, 4, 5, 6 and 7]","Sur les 10 derniers cas presumes TB, combien ont beneficies des examens d'investigations (un ou plusieurs examens selon le cas).","Hospital (DH,PH,RH)",2021-2022,167.0,210.0,79.52380952380952,diagnosis
"Are TB diagnostics continuously functional (microscopy and Expert) and their results available timely (microscopy, expert and culture)?[Questions 3, 4, 5, 6 and 7]","Sur les 10 derniers cas presumes TB, combien ont beneficies des examens d'investigations (un ou plusieurs examens selon le cas).","Hospital (DH,PH,RH)",2022-2023,60.0,80.0,75.0,diagnosis
"Are TB diagnostics continuously functional (microscopy and Expert) and their results available timely (microscopy, expert and culture)?[Questions 3, 4, 5, 6 and 7]","Sur les 10 derniers cas presumes TB, combien ont beneficies des examens d'investigations (un ou plusieurs examens selon le cas).","Hospital (DH,PH,RH)",2023-2024,406.0,530.0,76.60377358490567,diagnosis
"Are TB diagnostics continuously functional (microscopy and Expert) and their results available timely (microscopy, expert and culture)?[Questions 3, 4, 5, 6 and 7]","Sur les 10 derniers patients hospitalises ( 5 pediatrie,5Medecine interne), combien ont beneficie  du screening de la TB et prise en charge selon le protocole? ",Health Center,2023-2024,0.0,10.0,0.0,diagnosis
"Are TB diagnostics continuously functional (microscopy and Expert) and their results available timely (microscopy, expert and culture)?[Questions 3, 4, 5, 6 and 7]","Sur les 10 derniers patients hospitalises( 5 pediatrie,5Medecine interne), combien ont beneficie  du screening de la TB et prise en charge selon le protocole? ",Health Center,2020-2021,247.0,470.0,52.55319148936171,diagnosis
"Are TB diagnostics continuously functional (microscopy and Expert) and their results available timely (microscopy, expert and culture)?[Questions 3, 4, 5, 6 and 7]","Sur les 10 derniers patients hospitalises( 5 pediatrie,5Medecine interne), combien ont beneficie  du screening de la TB et prise en charge selon le protocole? ",Health Center,2021-2022,245.0,690.0,35.507246376811594,diagnosis
"Are TB diagnostics continuously functional (microscopy and Expert) and their results available timely (microscopy, expert and culture)?[Questions 3, 4, 5, 6 and 7]","Sur les 10 derniers patients hospitalises( 5 pediatrie,5Medecine interne), combien ont beneficie  du screening de la TB et prise en charge selon le protocole? ",Health Center,2022-2023,150.0,320.0,46.875,diagnosis
"Are TB diagnostics continuously functional (microscopy and Expert) and their results available timely (microscopy, expert and culture)?[Questions 3, 4, 5, 6 and 7]","Sur les 10 derniers patients hospitalises( 5 pediatrie,5Medecine interne), combien ont beneficie  du screening de la TB et prise en charge selon le protocole? ",Health Center,2023-2024,292.0,700.0,41.714285714285715,diagnosis
"Are TB diagnostics continuously functional (microscopy and Expert) and their results available timely (microscopy, expert and culture)?[Questions 3, 4, 5, 6 and 7]","Sur les 10 derniers patients hospitalises( 5 pediatrie,5Medecine interne), combien ont beneficie  du screening de la TB et prise en charge selon le protocole? ","Hospital (DH,PH,RH)",2020-2021,140.0,210.0,66.66666666666666,diagnosis
"Are TB diagnostics continuously functional (microscopy and Expert) and their results available timely (microscopy, expert and culture)?[Questions 3, 4, 5, 6 and 7]","Sur les 10 derniers patients hospitalises( 5 pediatrie,5Medecine interne), combien ont beneficie  du screening de la TB et prise en charge selon le protocole? ","Hospital (DH,PH,RH)",2021-2022,150.0,210.0,71.42857142857143,diagnosis
"Are TB diagnostics continuously functional (microscopy and Expert) and their results available timely (microscopy, expert and culture)?[Questions 3, 4, 5, 6 and 7]","Sur les 10 derniers patients hospitalises( 5 pediatrie,5Medecine interne), combien ont beneficie  du screening de la TB et prise en charge selon le protocole? ","Hospital (DH,PH,RH)",2022-2023,59.0,80.0,73.75,diagnosis
"Are TB diagnostics continuously functional (microscopy and Expert) and their results available timely (microscopy, expert and culture)?[Questions 3, 4, 5, 6 and 7]","Sur les 10 derniers patients hospitalises( 5 pediatrie,5Medecine interne), combien ont beneficie  du screening de la TB et prise en charge selon le protocole? ","Hospital (DH,PH,RH)",2023-2024,343.0,520.0,65.96153846153847,diagnosis
"Are TB diagnostics continuously functional (microscopy and Expert) and their results available timely (microscopy, expert and culture)?[Questions 3, 4, 5, 6 and 7]","Sur les échantillons reçus   il y a 3 jours, vérifier si les résultats sont mentionnés dans le registre de lab",Health Center,2020-2021,154.0,213.0,72.30046948356808,diagnosis
"Are TB diagnostics continuously functional (microscopy and Expert) and their results available timely (microscopy, expert and culture)?[Questions 3, 4, 5, 6 and 7]","Sur les échantillons reçus   il y a 3 jours, vérifier si les résultats sont mentionnés dans le registre de lab",Health Center,2021-2022,153.0,207.0,73.91304347826086,diagnosis
"Are TB diagnostics continuously functional (microscopy and Expert) and their results available timely (microscopy, expert and culture)?[Questions 3, 4, 5, 6 and 7]","Sur les échantillons reçus   il y a 3 jours, vérifier si les résultats sont mentionnés dans le registre de lab",Health Center,2022-2023,50.0,93.0,53.76344086021505,diagnosis
"Are TB diagnostics continuously functional (microscopy and Expert) and their results available timely (microscopy, expert and culture)?[Questions 3, 4, 5, 6 and 7]","Sur les échantillons reçus   il y a 3 jours, vérifier si les résultats sont mentionnés dans le registre de lab",Health Center,2023-2024,135.0,213.0,63.38028169014085,diagnosis
"Are TB diagnostics continuously functional (microscopy and Expert) and their results available timely (microscopy, expert and culture)?[Questions 3, 4, 5, 6 and 7]","Sur les échantillons reçus   il y a 3 jours, vérifier si les résultats sont mentionnés dans le registre de lab","Hospital (DH,PH,RH)",2020-2021,60.0,72.0,83.33333333333334,diagnosis
"Are TB diagnostics continuously functional (microscopy and Expert) and their results available timely (microscopy, expert and culture)?[Questions 3, 4, 5, 6 and 7]","Sur les échantillons reçus   il y a 3 jours, vérifier si les résultats sont mentionnés dans le registre de lab","Hospital (DH,PH,RH)",2021-2022,58.0,63.0,92.06349206349206,diagnosis
"Are TB diagnostics continuously functional (microscopy and Expert) and their results available timely (microscopy, expert and culture)?[Questions 3, 4, 5, 6 and 7]","Sur les échantillons reçus   il y a 3 jours, vérifier si les résultats sont mentionnés dans le registre de lab","Hospital (DH,PH,RH)",2022-2023,19.0,24.0,79.16666666666666,diagnosis
"Are TB diagnostics continuously functional (microscopy and Expert) and their results available timely (microscopy, expert and culture)?[Questions 3, 4, 5, 6 and 7]","Sur les échantillons reçus   il y a 3 jours, vérifier si les résultats sont mentionnés dans le registre de lab","Hospital (DH,PH,RH)",2023-2024,136.0,159.0,85.53459119496856,diagnosis
"Are TB diagnostics continuously functional (microscopy and Expert) and their results available timely (microscopy, expert and culture)?[Questions 3, 4, 5, 6 and 7]",Vérifier  pour les 5 derniers cas éligibles à la Culture  et DST si les résultats sont disponibles avec bon de résultat du LNR disponible ,Health Center,2020-2021,96.0,210.0,45.714285714285715,diagnosis
"Are TB diagnostics continuously functional (microscopy and Expert) and their results available timely (microscopy, expert and culture)?[Questions 3, 4, 5, 6 and 7]",Vérifier  pour les 5 derniers cas éligibles à la Culture  et DST si les résultats sont disponibles avec bon de résultat du LNR disponible ,Health Center,2021-2022,109.0,345.0,31.594202898550726,diagnosis
"Are TB diagnostics continuously functional (microscopy and Expert) and their results available timely (microscopy, expert and culture)?[Questions 3, 4, 5, 6 and 7]",Vérifier  pour les 5 derniers cas éligibles à la Culture  et DST si les résultats sont disponibles avec bon de résultat du LNR disponible ,Health Center,2022-2023,22.0,155.0,14.193548387096774,diagnosis
"Are TB diagnostics continuously functional (microscopy and Expert) and their results available timely (microscopy, expert and culture)?[Questions 3, 4, 5, 6 and 7]",Vérifier  pour les 5 derniers cas éligibles à la Culture  et DST si les résultats sont disponibles avec bon de résultat du LNR disponible ,Health Center,2023-2024,79.0,355.0,22.253521126760564,diagnosis
"Are TB diagnostics continuously functional (microscopy and Expert) and their results available timely (microscopy, expert and culture)?[Questions 3, 4, 5, 6 and 7]",Vérifier  pour les 5 derniers cas éligibles à la Culture  et DST si les résultats sont disponibles avec bon de résultat du LNR disponible ,"Hospital (DH,PH,RH)",2020-2021,11.0,70.0,15.714285714285714,diagnosis
"Are TB diagnostics continuously functional (microscopy and Expert) and their results available timely (microscopy, expert and culture)?[Questions 3, 4, 5, 6 and 7]",Vérifier  pour les 5 derniers cas éligibles à la Culture  et DST si les résultats sont disponibles avec bon de résultat du LNR disponible ,"Hospital (DH,PH,RH)",2021-2022,59.0,105.0,56.19047619047619,diagnosis
"Are TB diagnostics continuously functional (microscopy and Expert) and their results available timely (microscopy, expert and culture)?[Questions 3, 4, 5, 6 and 7]",Vérifier  pour les 5 derniers cas éligibles à la Culture  et DST si les résultats sont disponibles avec bon de résultat du LNR disponible ,"Hospital (DH,PH,RH)",2022-2023,10.0,40.0,25.0,diagnosis
"Are TB diagnostics continuously functional (microscopy and Expert) and their results available timely (microscopy, expert and culture)?[Questions 3, 4, 5, 6 and 7]",Vérifier  pour les 5 derniers cas éligibles à la Culture  et DST si les résultats sont disponibles avec bon de résultat du LNR disponible ,"Hospital (DH,PH,RH)",2023-2024,67.0,260.0,25.769230769230766,diagnosis
"Are TB patients early initiated on TB treatment and on ART (if indicated), and their bacteriological control performed according to guidelines?[Questions 16, 17, 18 and 19]","La FOSA (CDT ou CT) possede un bureau de ""one stop TB HIV service"" fonctionnel?",Health Center,2020-2021,59.0,72.0,81.94444444444444,treatment
"Are TB patients early initiated on TB treatment and on ART (if indicated), and their bacteriological control performed according to guidelines?[Questions 16, 17, 18 and 19]","La FOSA (CDT ou CT) possede un bureau de ""one stop TB HIV service"" fonctionnel?",Health Center,2021-2022,60.0,69.0,86.95652173913044,treatment
"Are TB patients early initiated on TB treatment and on ART (if indicated), and their bacteriological control performed according to guidelines?[Questions 16, 17, 18 and 19]","La FOSA (CDT ou CT) possede un bureau de ""one stop TB HIV service"" fonctionnel?",Health Center,2022-2023,25.0,31.0,80.64516129032258,treatment
"Are TB patients early initiated on TB treatment and on ART (if indicated), and their bacteriological control performed according to guidelines?[Questions 16, 17, 18 and 19]","La FOSA (CDT ou CT) possede un bureau de ""one stop TB HIV service"" fonctionnel?",Health Center,2023-2024,61.0,72.0,84.72222222222221,treatment
"Are TB patients early initiated on TB treatment and on ART (if indicated), and their bacteriological control performed according to guidelines?[Questions 16, 17, 18 and 19]","La FOSA (CDT ou CT) possede un bureau de ""one stop TB HIV service"" fonctionnel?","Hospital (DH,PH,RH)",2020-2021,22.0,24.0,91.66666666666666,treatment
"Are TB patients early initiated on TB treatment and on ART (if indicated), and their bacteriological control performed according to guidelines?[Questions 16, 17, 18 and 19]","La FOSA (CDT ou CT) possede un bureau de ""one stop TB HIV service"" fonctionnel?","Hospital (DH,PH,RH)",2021-2022,18.0,21.0,85.71428571428571,treatment
"Are TB patients early initiated on TB treatment and on ART (if indicated), and their bacteriological control performed according to guidelines?[Questions 16, 17, 18 and 19]","La FOSA (CDT ou CT) possede un bureau de ""one stop TB HIV service"" fonctionnel?","Hospital (DH,PH,RH)",2022-2023,7.0,8.0,87.5,treatment
"Are TB patients early initiated on TB treatment and on ART (if indicated), and their bacteriological control performed according to guidelines?[Questions 16, 17, 18 and 19]","La FOSA (CDT ou CT) possede un bureau de ""one stop TB HIV service"" fonctionnel?","Hospital (DH,PH,RH)",2023-2024,49.0,52.0,94.23076923076923,treatment
"Are TB patients early initiated on TB treatment and on ART (if indicated), and their bacteriological control performed according to guidelines?[Questions 16, 17, 18 and 19]","Sur les 5 derniers cas TB VIH+ sous anti-TB et enregistrés  le trimestre précédent, combien ont  ete mis  sous ARV endeans 8 semaines? ",Health Center,2020-2021,187.0,235.0,79.57446808510639,treatment
"Are TB patients early initiated on TB treatment and on ART (if indicated), and their bacteriological control performed according to guidelines?[Questions 16, 17, 18 and 19]","Sur les 5 derniers cas TB VIH+ sous anti-TB et enregistrés  le trimestre précédent, combien ont  ete mis  sous ARV endeans 8 semaines? ",Health Center,2021-2022,172.0,345.0,49.85507246376812,treatment
"Are TB patients early initiated on TB treatment and on ART (if indicated), and their bacteriological control performed according to guidelines?[Questions 16, 17, 18 and 19]","Sur les 5 derniers cas TB VIH+ sous anti-TB et enregistrés  le trimestre précédent, combien ont  ete mis  sous ARV endeans 8 semaines? ",Health Center,2022-2023,73.0,160.0,45.625,treatment
"Are TB patients early initiated on TB treatment and on ART (if indicated), and their bacteriological control performed according to guidelines?[Questions 16, 17, 18 and 19]","Sur les 5 derniers cas TB VIH+ sous anti-TB et enregistrés  le trimestre précédent, combien ont  ete mis  sous ARV endeans 8 semaines? ",Health Center,2023-2024,179.0,355.0,50.42253521126761,treatment
"Are TB patients early initiated on TB treatment and on ART (if indicated), and their bacteriological control performed according to guidelines?[Questions 16, 17, 18 and 19]","Sur les 5 derniers cas TB VIH+ sous anti-TB et enregistrés  le trimestre précédent, combien ont  ete mis  sous ARV endeans 8 semaines? ","Hospital (DH,PH,RH)",2020-2021,75.0,80.0,93.75,treatment
"Are TB patients early initiated on TB treatment and on ART (if indicated), and their bacteriological control performed according to guidelines?[Questions 16, 17, 18 and 19]","Sur les 5 derniers cas TB VIH+ sous anti-TB et enregistrés  le trimestre précédent, combien ont  ete mis  sous ARV endeans 8 semaines? ","Hospital (DH,PH,RH)",2021-2022,72.0,105.0,68.57142857142857,treatment
"Are TB patients early initiated on TB treatment and on ART (if indicated), and their bacteriological control performed according to guidelines?[Questions 16, 17, 18 and 19]","Sur les 5 derniers cas TB VIH+ sous anti-TB et enregistrés  le trimestre précédent, combien ont  ete mis  sous ARV endeans 8 semaines? ","Hospital (DH,PH,RH)",2022-2023,16.0,40.0,40.0,treatment
"Are TB patients early initiated on TB treatment and on ART (if indicated), and their bacteriological control performed according to guidelines?[Questions 16, 17, 18 and 19]","Sur les 5 derniers cas TB VIH+ sous anti-TB et enregistrés  le trimestre précédent, combien ont  ete mis  sous ARV endeans 8 semaines? ","Hospital (DH,PH,RH)",2023-2024,207.0,265.0,78.11320754716982,treatment
"Are TB patients early initiated on TB treatment and on ART (if indicated), and their bacteriological control performed according to guidelines?[Questions 16, 17, 18 and 19]","Sur les 5 derniers cas TB sous anti-TB, combien ont initié le traitement TB au plus tard le lendemain du diagnostic TB ?",Health Center,2020-2021,312.0,355.0,87.88732394366198,treatment
"Are TB patients early initiated on TB treatment and on ART (if indicated), and their bacteriological control performed according to guidelines?[Questions 16, 17, 18 and 19]","Sur les 5 derniers cas TB sous anti-TB, combien ont initié le traitement TB au plus tard le lendemain du diagnostic TB ?",Health Center,2021-2022,272.0,345.0,78.84057971014494,treatment
"Are TB patients early initiated on TB treatment and on ART (if indicated), and their bacteriological control performed according to guidelines?[Questions 16, 17, 18 and 19]","Sur les 5 derniers cas TB sous anti-TB, combien ont initié le traitement TB au plus tard le lendemain du diagnostic TB ?",Health Center,2022-2023,97.0,151.0,64.23841059602648,treatment
"Are TB patients early initiated on TB treatment and on ART (if indicated), and their bacteriological control performed according to guidelines?[Questions 16, 17, 18 and 19]","Sur les 5 derniers cas TB sous anti-TB, combien ont initié le traitement TB au plus tard le lendemain du diagnostic TB ?",Health Center,2023-2024,267.0,360.0,74.16666666666667,treatment
"Are TB patients early initiated on TB treatment and on ART (if indicated), and their bacteriological control performed according to guidelines?[Questions 16, 17, 18 and 19]","Sur les 5 derniers cas TB sous anti-TB, combien ont initié le traitement TB au plus tard le lendemain du diagnostic TB ?","Hospital (DH,PH,RH)",2020-2021,115.0,120.0,95.83333333333334,treatment
"Are TB patients early initiated on TB treatment and on ART (if indicated), and their bacteriological control performed according to guidelines?[Questions 16, 17, 18 and 19]","Sur les 5 derniers cas TB sous anti-TB, combien ont initié le traitement TB au plus tard le lendemain du diagnostic TB ?","Hospital (DH,PH,RH)",2021-2022,92.0,105.0,87.61904761904762,treatment
"Are TB patients early initiated on TB treatment and on ART (if indicated), and their bacteriological control performed according to guidelines?[Questions 16, 17, 18 and 19]","Sur les 5 derniers cas TB sous anti-TB, combien ont initié le traitement TB au plus tard le lendemain du diagnostic TB ?","Hospital (DH,PH,RH)",2022-2023,40.0,40.0,100.0,treatment
"Are TB patients early initiated on TB treatment and on ART (if indicated), and their bacteriological control performed according to guidelines?[Questions 16, 17, 18 and 19]","Sur les 5 derniers cas TB sous anti-TB, combien ont initié le traitement TB au plus tard le lendemain du diagnostic TB ?","Hospital (DH,PH,RH)",2023-2024,237.0,258.0,91.86046511627907,treatment
"Are TB patients early initiated on TB treatment and on ART (if indicated), and their bacteriological control performed according to guidelines?[Questions 16, 17, 18 and 19]","Sur les 5 derniers cas TB sous anti-TB, combien parmi eux le dosage concorde avec le poids?",Health Center,2020-2021,339.0,355.0,95.49295774647887,treatment
"Are TB patients early initiated on TB treatment and on ART (if indicated), and their bacteriological control performed according to guidelines?[Questions 16, 17, 18 and 19]","Sur les 5 derniers cas TB sous anti-TB, combien parmi eux le dosage concorde avec le poids?",Health Center,2021-2022,276.0,345.0,80.0,treatment
"Are TB patients early initiated on TB treatment and on ART (if indicated), and their bacteriological control performed according to guidelines?[Questions 16, 17, 18 and 19]","Sur les 5 derniers cas TB sous anti-TB, combien parmi eux le dosage concorde avec le poids?",Health Center,2022-2023,122.0,156.0,78.2051282051282,treatment
"Are TB patients early initiated on TB treatment and on ART (if indicated), and their bacteriological control performed according to guidelines?[Questions 16, 17, 18 and 19]","Sur les 5 derniers cas TB sous anti-TB, combien parmi eux le dosage concorde avec le poids?",Health Center,2023-2024,320.0,355.0,90.14084507042254,treatment
"Are TB patients early initiated on TB treatment and on ART (if indicated), and their bacteriological control performed according to guidelines?[Questions 16, 17, 18 and 19]","Sur les 5 derniers cas TB sous anti-TB, combien parmi eux le dosage concorde avec le poids?","Hospital (DH,PH,RH)",2020-2021,119.0,120.0,99.16666666666667,treatment
"Are TB patients early initiated on TB treatment and on ART (if indicated), and their bacteriological control performed according to guidelines?[Questions 16, 17, 18 and 19]","Sur les 5 derniers cas TB sous anti-TB, combien parmi eux le dosage concorde avec le poids?","Hospital (DH,PH,RH)",2021-2022,103.0,105.0,98.09523809523809,treatment
"Are TB patients early initiated on TB treatment and on ART (if indicated), and their bacteriological control performed according to guidelines?[Questions 16, 17, 18 and 19]","Sur les 5 derniers cas TB sous anti-TB, combien parmi eux le dosage concorde avec le poids?","Hospital (DH,PH,RH)",2022-2023,40.0,40.0,100.0,treatment
"Are TB patients early initiated on TB treatment and on ART (if indicated), and their bacteriological control performed according to guidelines?[Questions 16, 17, 18 and 19]","Sur les 5 derniers cas TB sous anti-TB, combien parmi eux le dosage concorde avec le poids?","Hospital (DH,PH,RH)",2023-2024,249.0,263.0,94.67680608365019,treatment
"Are TB patients early initiated on TB treatment and on ART (if indicated), and their bacteriological control performed according to guidelines?[Questions 16, 17, 18 and 19]","Sur les 5 derniers patients TPB+, combien ont tous les examens de contrôle bacilloscopique réalisés selon les normes du programme (fin de la phase intensive, au cours du 5 mois et a la fin du 5ieme mois , à la fin du traitement)?",Health Center,2020-2021,240.0,272.0,88.23529411764706,treatment
"Are TB patients early initiated on TB treatment and on ART (if indicated), and their bacteriological control performed according to guidelines?[Questions 16, 17, 18 and 19]","Sur les 5 derniers patients TPB+, combien ont tous les examens de contrôle bacilloscopique réalisés selon les normes du programme (fin de la phase intensive, au cours du 5 mois et a la fin du 5ieme mois , à la fin du traitement)?",Health Center,2021-2022,247.0,276.0,89.4927536231884,treatment
"Are TB patients early initiated on TB treatment and on ART (if indicated), and their bacteriological control performed according to guidelines?[Questions 16, 17, 18 and 19]","Sur les 5 derniers patients TPB+, combien ont tous les examens de contrôle bacilloscopique réalisés selon les normes du programme (fin de la phase intensive, au cours du 5 mois et a la fin du 5ieme mois , à la fin du traitement)?",Health Center,2022-2023,86.0,128.0,67.1875,treatment
"Are TB patients early initiated on TB treatment and on ART (if indicated), and their bacteriological control performed according to guidelines?[Questions 16, 17, 18 and 19]","Sur les 5 derniers patients TPB+, combien ont tous les examens de contrôle bacilloscopique réalisés selon les normes du programme (fin de la phase intensive, au cours du 5 mois et a la fin du 5ieme mois , à la fin du traitement)?",Health Center,2023-2024,240.0,284.0,84.50704225352112,treatment
"Are TB patients early initiated on TB treatment and on ART (if indicated), and their bacteriological control performed according to guidelines?[Questions 16, 17, 18 and 19]","Sur les 5 derniers patients TPB+, combien ont tous les examens de contrôle bacilloscopique réalisés selon les normes du programme (fin de la phase intensive, au cours du 5 mois et a la fin du 5ieme mois , à la fin du traitement)?","Hospital (DH,PH,RH)",2020-2021,84.0,96.0,87.5,treatment
"Are TB patients early initiated on TB treatment and on ART (if indicated), and their bacteriological control performed according to guidelines?[Questions 16, 17, 18 and 19]","Sur les 5 derniers patients TPB+, combien ont tous les examens de contrôle bacilloscopique réalisés selon les normes du programme (fin de la phase intensive, au cours du 5 mois et a la fin du 5ieme mois , à la fin du traitement)?","Hospital (DH,PH,RH)",2021-2022,82.0,84.0,97.61904761904762,treatment
"Are TB patients early initiated on TB treatment and on ART (if indicated), and their bacteriological control performed according to guidelines?[Questions 16, 17, 18 and 19]","Sur les 5 derniers patients TPB+, combien ont tous les examens de contrôle bacilloscopique réalisés selon les normes du programme (fin de la phase intensive, au cours du 5 mois et a la fin du 5ieme mois , à la fin du traitement)?","Hospital (DH,PH,RH)",2022-2023,22.0,32.0,68.75,treatment
"Are TB patients early initiated on TB treatment and on ART (if indicated), and their bacteriological control performed according to guidelines?[Questions 16, 17, 18 and 19]","Sur les 5 derniers patients TPB+, combien ont tous les examens de contrôle bacilloscopique réalisés selon les normes du programme (fin de la phase intensive, au cours du 5 mois et a la fin du 5ieme mois , à la fin du traitement)?","Hospital (DH,PH,RH)",2023-2024,189.0,215.0,87.90697674418605,treatment
Does the BMI monitored for TB Patients and nutritional support provided to the eligible patients?[Questions New_70 and New_71],"Sur les 5 derniers patients, combien de patients dont le  poids est mentionne sur la fiche chaque mois ainsi que le BMI calcule au debut du traitement TB",Health Center,2020-2021,217.0,345.0,62.89855072463768,treatment
Does the BMI monitored for TB Patients and nutritional support provided to the eligible patients?[Questions New_70 and New_71],"Sur les 5 derniers patients, combien de patients dont le  poids est mentionne sur la fiche chaque mois ainsi que le BMI calcule au debut du traitement TB",Health Center,2021-2022,231.0,345.0,66.95652173913044,treatment
Does the BMI monitored for TB Patients and nutritional support provided to the eligible patients?[Questions New_70 and New_71],"Sur les 5 derniers patients, combien de patients dont le  poids est mentionne sur la fiche chaque mois ainsi que le BMI calcule au debut du traitement TB",Health Center,2022-2023,93.0,160.0,58.12500000000001,treatment
Does the BMI monitored for TB Patients and nutritional support provided to the eligible patients?[Questions New_70 and New_71],"Sur les 5 derniers patients, combien de patients dont le  poids est mentionne sur la fiche chaque mois ainsi que le BMI calcule au debut du traitement TB",Health Center,2023-2024,245.0,360.0,68.05555555555556,treatment
Does the BMI monitored for TB Patients and nutritional support provided to the eligible patients?[Questions New_70 and New_71],"Sur les 5 derniers patients, combien de patients dont le  poids est mentionne sur la fiche chaque mois ainsi que le BMI calcule au debut du traitement TB","Hospital (DH,PH,RH)",2020-2021,63.0,120.0,52.5,treatment
Does the BMI monitored for TB Patients and nutritional support provided to the eligible patients?[Questions New_70 and New_71],"Sur les 5 derniers patients, combien de patients dont le  poids est mentionne sur la fiche chaque mois ainsi que le BMI calcule au debut du traitement TB","Hospital (DH,PH,RH)",2021-2022,83.0,105.0,79.04761904761905,treatment
Does the BMI monitored for TB Patients and nutritional support provided to the eligible patients?[Questions New_70 and New_71],"Sur les 5 derniers patients, combien de patients dont le  poids est mentionne sur la fiche chaque mois ainsi que le BMI calcule au debut du traitement TB","Hospital (DH,PH,RH)",2022-2023,14.0,40.0,35.0,treatment
Does the BMI monitored for TB Patients and nutritional support provided to the eligible patients?[Questions New_70 and New_71],"Sur les 5 derniers patients, combien de patients dont le  poids est mentionne sur la fiche chaque mois ainsi que le BMI calcule au debut du traitement TB","Hospital (DH,PH,RH)",2023-2024,189.0,258.0,73.25581395348837,treatment
Does the BMI monitored for TB Patients and nutritional support provided to the eligible patients?[Questions New_70 and New_71],Verifier sur les 5  patients ayant BMI< a 18.5 s'il ont recu CSB selon les  directives du programme ( 7.5kg/mois/patient pendant 6mois),Health Center,2020-2021,165.0,290.0,56.896551724137936,treatment
Does the BMI monitored for TB Patients and nutritional support provided to the eligible patients?[Questions New_70 and New_71],Verifier sur les 5  patients ayant BMI< a 18.5 s'il ont recu CSB selon les  directives du programme ( 7.5kg/mois/patient pendant 6mois),Health Center,2021-2022,219.0,345.0,63.47826086956522,treatment
Does the BMI monitored for TB Patients and nutritional support provided to the eligible patients?[Questions New_70 and New_71],Verifier sur les 5  patients ayant BMI< a 18.5 s'il ont recu CSB selon les  directives du programme ( 7.5kg/mois/patient pendant 6mois),Health Center,2022-2023,59.0,160.0,36.875,treatment
Does the BMI monitored for TB Patients and nutritional support provided to the eligible patients?[Questions New_70 and New_71],Verifier sur les 5  patients ayant BMI< a 18.5 s'il ont recu CSB selon les  directives du programme ( 7.5kg/mois/patient pendant 6mois),Health Center,2023-2024,132.0,360.0,36.666666666666664,treatment
Does the BMI monitored for TB Patients and nutritional support provided to the eligible patients?[Questions New_70 and New_71],Verifier sur les 5  patients ayant BMI< a 18.5 s'il ont recu CSB selon les  directives du programme ( 7.5kg/mois/patient pendant 6mois),"Hospital (DH,PH,RH)",2020-2021,50.0,90.0,55.55555555555556,treatment
Does the BMI monitored for TB Patients and nutritional support provided to the eligible patients?[Questions New_70 and New_71],Verifier sur les 5  patients ayant BMI< a 18.5 s'il ont recu CSB selon les  directives du programme ( 7.5kg/mois/patient pendant 6mois),"Hospital (DH,PH,RH)",2021-2022,79.0,105.0,75.23809523809524,treatment
Does the BMI monitored for TB Patients and nutritional support provided to the eligible patients?[Questions New_70 and New_71],Verifier sur les 5  patients ayant BMI< a 18.5 s'il ont recu CSB selon les  directives du programme ( 7.5kg/mois/patient pendant 6mois),"Hospital (DH,PH,RH)",2022-2023,14.0,40.0,35.0,treatment
Does the BMI monitored for TB Patients and nutritional support provided to the eligible patients?[Questions New_70 and New_71],Verifier sur les 5  patients ayant BMI< a 18.5 s'il ont recu CSB selon les  directives du programme ( 7.5kg/mois/patient pendant 6mois),"Hospital (DH,PH,RH)",2023-2024,164.0,265.0,61.886792452830186,treatment
"Is active case finding conducted in TB high risk groups?[Questions 2, 8 and 9]","Parmis des enfants dont on a fait le screening de la TB positif durant les deux trimestres precedents, combien ont beneficie du Test d'intra dermo reaction a la Tuberculine ou de l'examen de laboratoire?",Health Center,2020-2021,145.0,237.0,61.18143459915611,screening
"Is active case finding conducted in TB high risk groups?[Questions 2, 8 and 9]","Parmis des enfants dont on a fait le screening de la TB positif durant les deux trimestres precedents, combien ont beneficie du Test d'intra dermo reaction a la Tuberculine ou de l'examen de laboratoire?",Health Center,2021-2022,3247.0,3678.0,88.28167482327352,screening
"Is active case finding conducted in TB high risk groups?[Questions 2, 8 and 9]","Parmis des enfants dont on a fait le screening de la TB positif durant les deux trimestres precedents, combien ont beneficie du Test d'intra dermo reaction a la Tuberculine ou de l'examen de laboratoire?",Health Center,2022-2023,6.0,20.0,30.0,screening
"Is active case finding conducted in TB high risk groups?[Questions 2, 8 and 9]","Parmis des enfants dont on a fait le screening de la TB positif durant les deux trimestres precedents, combien ont beneficie du Test d'intra dermo reaction a la Tuberculine ou de l'examen de laboratoire?",Health Center,2023-2024,199.0,285.0,69.82456140350877,screening
"Is active case finding conducted in TB high risk groups?[Questions 2, 8 and 9]","Parmis des enfants dont on a fait le screening de la TB positif durant les deux trimestres precedents, combien ont beneficie du Test d'intra dermo reaction a la Tuberculine ou de l'examen de laboratoire?","Hospital (DH,PH,RH)",2020-2021,12.0,22.0,54.54545454545454,screening
"Is active case finding conducted in TB high risk groups?[Questions 2, 8 and 9]","Parmis des enfants dont on a fait le screening de la TB positif durant les deux trimestres precedents, combien ont beneficie du Test d'intra dermo reaction a la Tuberculine ou de l'examen de laboratoire?","Hospital (DH,PH,RH)",2021-2022,8.0,29.0,27.586206896551722,screening
"Is active case finding conducted in TB high risk groups?[Questions 2, 8 and 9]","Parmis des enfants dont on a fait le screening de la TB positif durant les deux trimestres precedents, combien ont beneficie du Test d'intra dermo reaction a la Tuberculine ou de l'examen de laboratoire?","Hospital (DH,PH,RH)",2022-2023,6.0,11.0,54.54545454545454,screening
"Is active case finding conducted in TB high risk groups?[Questions 2, 8 and 9]","Parmis des enfants dont on a fait le screening de la TB positif durant les deux trimestres precedents, combien ont beneficie du Test d'intra dermo reaction a la Tuberculine ou de l'examen de laboratoire?","Hospital (DH,PH,RH)",2023-2024,127.0,150.0,84.66666666666667,screening
"Is active case finding conducted in TB high risk groups?[Questions 2, 8 and 9]","Sur 10 nouveaux prisonniers entrés au cours de la période evaluée, combien ont beneficié du screening TB á l'entrée ",Health Center,2020-2021,10.0,110.0,9.090909090909092,screening
"Is active case finding conducted in TB high risk groups?[Questions 2, 8 and 9]","Sur 10 nouveaux prisonniers entrés au cours de la période evaluée, combien ont beneficié du screening TB á l'entrée ",Health Center,2021-2022,40.0,690.0,5.797101449275362,screening
"Is active case finding conducted in TB high risk groups?[Questions 2, 8 and 9]","Sur 10 nouveaux prisonniers entrés au cours de la période evaluée, combien ont beneficié du screening TB á l'entrée ",Health Center,2022-2023,10.0,310.0,3.225806451612903,screening
"Is active case finding conducted in TB high risk groups?[Questions 2, 8 and 9]","Sur 10 nouveaux prisonniers entrés au cours de la période evaluée, combien ont beneficié du screening TB á l'entrée ",Health Center,2023-2024,10.0,710.0,1.4084507042253522,screening
"Is active case finding conducted in TB high risk groups?[Questions 2, 8 and 9]","Sur 10 nouveaux prisonniers entrés au cours de la période evaluée, combien ont beneficié du screening TB á l'entrée ","Hospital (DH,PH,RH)",2020-2021,0.0,20.0,0.0,screening
"Is active case finding conducted in TB high risk groups?[Questions 2, 8 and 9]","Sur 10 nouveaux prisonniers entrés au cours de la période evaluée, combien ont beneficié du screening TB á l'entrée ","Hospital (DH,PH,RH)",2021-2022,30.0,210.0,14.285714285714285,screening
"Is active case finding conducted in TB high risk groups?[Questions 2, 8 and 9]","Sur 10 nouveaux prisonniers entrés au cours de la période evaluée, combien ont beneficié du screening TB á l'entrée ","Hospital (DH,PH,RH)",2022-2023,0.0,80.0,0.0,screening
"Is active case finding conducted in TB high risk groups?[Questions 2, 8 and 9]","Sur 10 nouveaux prisonniers entrés au cours de la période evaluée, combien ont beneficié du screening TB á l'entrée ","Hospital (DH,PH,RH)",2023-2024,0.0,530.0,0.0,screening
"Is active case finding conducted in TB high risk groups?[Questions 2, 8 and 9]","Sur 10 nouveaux prisonniers sortants au cours de la période evaluée, combien ont beneficié du screening TB á la sortie",Health Center,2020-2021,20.0,120.0,16.666666666666664,screening
"Is active case finding conducted in TB high risk groups?[Questions 2, 8 and 9]","Sur 10 nouveaux prisonniers sortants au cours de la période evaluée, combien ont beneficié du screening TB á la sortie",Health Center,2021-2022,40.0,690.0,5.797101449275362,screening
"Is active case finding conducted in TB high risk groups?[Questions 2, 8 and 9]","Sur 10 nouveaux prisonniers sortants au cours de la période evaluée, combien ont beneficié du screening TB á la sortie",Health Center,2022-2023,15.0,310.0,4.838709677419355,screening
"Is active case finding conducted in TB high risk groups?[Questions 2, 8 and 9]","Sur 10 nouveaux prisonniers sortants au cours de la période evaluée, combien ont beneficié du screening TB á la sortie",Health Center,2023-2024,10.0,700.0,1.4285714285714286,screening
"Is active case finding conducted in TB high risk groups?[Questions 2, 8 and 9]","Sur 10 nouveaux prisonniers sortants au cours de la période evaluée, combien ont beneficié du screening TB á la sortie","Hospital (DH,PH,RH)",2020-2021,0.0,20.0,0.0,screening
"Is active case finding conducted in TB high risk groups?[Questions 2, 8 and 9]","Sur 10 nouveaux prisonniers sortants au cours de la période evaluée, combien ont beneficié du screening TB á la sortie","Hospital (DH,PH,RH)",2021-2022,30.0,210.0,14.285714285714285,screening
"Is active case finding conducted in TB high risk groups?[Questions 2, 8 and 9]","Sur 10 nouveaux prisonniers sortants au cours de la période evaluée, combien ont beneficié du screening TB á la sortie","Hospital (DH,PH,RH)",2022-2023,0.0,80.0,0.0,screening
"Is active case finding conducted in TB high risk groups?[Questions 2, 8 and 9]","Sur 10 nouveaux prisonniers sortants au cours de la période evaluée, combien ont beneficié du screening TB á la sortie","Hospital (DH,PH,RH)",2023-2024,0.0,520.0,0.0,screening
"Is active case finding conducted in TB high risk groups?[Questions 2, 8 and 9]","Sur les 10 derniers enfants  enregistrées dans le service de PECIME,  combien ont bénéfié du screening TB?",Health Center,2020-2021,615.0,700.0,87.85714285714286,screening
"Is active case finding conducted in TB high risk groups?[Questions 2, 8 and 9]","Sur les 10 derniers enfants  enregistrées dans le service de PECIME,  combien ont bénéfié du screening TB?",Health Center,2021-2022,602.0,690.0,87.2463768115942,screening
"Is active case finding conducted in TB high risk groups?[Questions 2, 8 and 9]","Sur les 10 derniers enfants  enregistrées dans le service de PECIME,  combien ont bénéfié du screening TB?",Health Center,2022-2023,261.0,320.0,81.5625,screening
"Is active case finding conducted in TB high risk groups?[Questions 2, 8 and 9]","Sur les 10 derniers enfants  enregistrées dans le service de PECIME,  combien ont bénéfié du screening TB?",Health Center,2023-2024,550.0,720.0,76.38888888888889,screening
"Is active case finding conducted in TB high risk groups?[Questions 2, 8 and 9]","Sur les 10 derniers enfants  enregistrées dans le service de PECIME,  combien ont bénéfié du screening TB?","Hospital (DH,PH,RH)",2020-2021,66.0,100.0,66.0,screening
"Is active case finding conducted in TB high risk groups?[Questions 2, 8 and 9]","Sur les 10 derniers enfants  enregistrées dans le service de PECIME,  combien ont bénéfié du screening TB?","Hospital (DH,PH,RH)",2021-2022,29.0,210.0,13.80952380952381,screening
"Is active case finding conducted in TB high risk groups?[Questions 2, 8 and 9]","Sur les 10 derniers enfants  enregistrées dans le service de PECIME,  combien ont bénéfié du screening TB?","Hospital (DH,PH,RH)",2022-2023,3.0,80.0,3.75,screening
"Is active case finding conducted in TB high risk groups?[Questions 2, 8 and 9]","Sur les 10 derniers enfants  enregistrées dans le service de PECIME,  combien ont bénéfié du screening TB?","Hospital (DH,PH,RH)",2023-2024,29.0,530.0,5.471698113207547,screening
"Is active case finding conducted in TB high risk groups?[Questions 2, 8 and 9]","Sur les 5 derniers patients TPB+ (cohorte enregistre trois trimestres auparavant) , pour combien les investigations de contacts ont été réalisées au debut et à la fin du traitement du cas-index?",Health Center,2020-2021,285.0,340.0,83.82352941176471,screening
"Is active case finding conducted in TB high risk groups?[Questions 2, 8 and 9]","Sur les 5 derniers patients TPB+ (cohorte enregistre trois trimestres auparavant) , pour combien les investigations de contacts ont été réalisées au debut et à la fin du traitement du cas-index?",Health Center,2021-2022,245.0,345.0,71.01449275362319,screening
"Is active case finding conducted in TB high risk groups?[Questions 2, 8 and 9]","Sur les 5 derniers patients TPB+ (cohorte enregistre trois trimestres auparavant) , pour combien les investigations de contacts ont été réalisées au debut et à la fin du traitement du cas-index?",Health Center,2022-2023,108.0,160.0,67.5,screening
"Is active case finding conducted in TB high risk groups?[Questions 2, 8 and 9]","Sur les 5 derniers patients TPB+ (cohorte enregistre trois trimestres auparavant) , pour combien les investigations de contacts ont été réalisées au debut et à la fin du traitement du cas-index?",Health Center,2023-2024,292.0,360.0,81.11111111111111,screening
"Is active case finding conducted in TB high risk groups?[Questions 2, 8 and 9]","Sur les 5 derniers patients TPB+ (cohorte enregistre trois trimestres auparavant) , pour combien les investigations de contacts ont été réalisées au debut et à la fin du traitement du cas-index?","Hospital (DH,PH,RH)",2020-2021,71.0,95.0,74.73684210526315,screening
"Is active case finding conducted in TB high risk groups?[Questions 2, 8 and 9]","Sur les 5 derniers patients TPB+ (cohorte enregistre trois trimestres auparavant) , pour combien les investigations de contacts ont été réalisées au debut et à la fin du traitement du cas-index?","Hospital (DH,PH,RH)",2021-2022,57.0,105.0,54.285714285714285,screening
"Is active case finding conducted in TB high risk groups?[Questions 2, 8 and 9]","Sur les 5 derniers patients TPB+ (cohorte enregistre trois trimestres auparavant) , pour combien les investigations de contacts ont été réalisées au debut et à la fin du traitement du cas-index?","Hospital (DH,PH,RH)",2022-2023,9.0,40.0,22.5,screening
"Is active case finding conducted in TB high risk groups?[Questions 2, 8 and 9]","Sur les 5 derniers patients TPB+ (cohorte enregistre trois trimestres auparavant) , pour combien les investigations de contacts ont été réalisées au debut et à la fin du traitement du cas-index?","Hospital (DH,PH,RH)",2023-2024,183.0,265.0,69.0566037735849,screening
"Is active case finding conducted in TB high risk groups?[Questions 2, 8 and 9]",Verifier les enfants de moins de 5 ans TB contact sur  les fiches de traitement TPB+ s'ils ont commencé le traitement INH (Excepté celui diagnostiqué de TB) ,Health Center,2020-2021,286.0,310.0,92.25806451612904,screening
"Is active case finding conducted in TB high risk groups?[Questions 2, 8 and 9]",Verifier les enfants de moins de 5 ans TB contact sur  les fiches de traitement TPB+ s'ils ont commencé le traitement INH (Excepté celui diagnostiqué de TB) ,Health Center,2021-2022,242.0,345.0,70.14492753623188,screening
"Is active case finding conducted in TB high risk groups?[Questions 2, 8 and 9]",Verifier les enfants de moins de 5 ans TB contact sur  les fiches de traitement TPB+ s'ils ont commencé le traitement INH (Excepté celui diagnostiqué de TB) ,Health Center,2022-2023,105.0,160.0,65.625,screening
"Is active case finding conducted in TB high risk groups?[Questions 2, 8 and 9]",Verifier les enfants de moins de 5 ans TB contact sur  les fiches de traitement TPB+ s'ils ont commencé le traitement INH (Excepté celui diagnostiqué de TB) ,Health Center,2023-2024,227.0,355.0,63.94366197183099,screening
"Is active case finding conducted in TB high risk groups?[Questions 2, 8 and 9]",Verifier les enfants de moins de 5 ans TB contact sur  les fiches de traitement TPB+ s'ils ont commencé le traitement INH (Excepté celui diagnostiqué de TB) ,"Hospital (DH,PH,RH)",2020-2021,70.0,80.0,87.5,screening
"Is active case finding conducted in TB high risk groups?[Questions 2, 8 and 9]",Verifier les enfants de moins de 5 ans TB contact sur  les fiches de traitement TPB+ s'ils ont commencé le traitement INH (Excepté celui diagnostiqué de TB) ,"Hospital (DH,PH,RH)",2021-2022,35.0,105.0,33.33333333333333,screening
"Is active case finding conducted in TB high risk groups?[Questions 2, 8 and 9]",Verifier les enfants de moins de 5 ans TB contact sur  les fiches de traitement TPB+ s'ils ont commencé le traitement INH (Excepté celui diagnostiqué de TB) ,"Hospital (DH,PH,RH)",2022-2023,10.0,40.0,25.0,screening
"Is active case finding conducted in TB high risk groups?[Questions 2, 8 and 9]",Verifier les enfants de moins de 5 ans TB contact sur  les fiches de traitement TPB+ s'ils ont commencé le traitement INH (Excepté celui diagnostiqué de TB) ,"Hospital (DH,PH,RH)",2023-2024,163.0,260.0,62.69230769230769,screening
