summary_group,item_name,hf_type,num,den,avg_score
"Active drug safety monitoring and management (aDSM) [Questions 59, 60 and 61]","Pour les cas TB qui ont eu des effets secondaires aux medicaments anti-TB, Verifier si la conduite est tenue selon les normes.",Health Center,44.0,85.0,51.76470588235295
"Active drug safety monitoring and management (aDSM) [Questions 59, 60 and 61]","Pour les cas TB qui ont eu des effets secondaires aux medicaments anti-TB, Verifier si la conduite est tenue selon les normes.","Hospital (DH,PH,RH)",42.0,51.0,82.35294117647058
"Active drug safety monitoring and management (aDSM) [Questions 59, 60 and 61]","Sur les 5 derniers cas TB, verifier si chaque mois le suivi clinique des effets secondres est correctement et completement rempli sur la fiche de traitement.",Health Center,857.0,1220.0,70.24590163934427
"Active drug safety monitoring and management (aDSM) [Questions 59, 60 and 61]","Sur les 5 derniers cas TB, verifier si chaque mois le suivi clinique des effets secondres est correctement et completement rempli sur la fiche de traitement.","Hospital (DH,PH,RH)",418.0,525.0,79.61904761904762
"Active drug safety monitoring and management (aDSM) [Questions 59, 60 and 61]","Sur les 5 derniers cas TB, verifier si les examens paracliniques ont etes demandes au debut de traitment TB (NFS, SGPT, SGOT, ?GT, Uree, Creatinine, Glycemie) ",Health Center,388.0,1215.0,31.934156378600825
"Active drug safety monitoring and management (aDSM) [Questions 59, 60 and 61]","Sur les 5 derniers cas TB, verifier si les examens paracliniques ont etes demandes au debut de traitment TB (NFS, SGPT, SGOT, ?GT, Uree, Creatinine, Glycemie) ","Hospital (DH,PH,RH)",408.0,530.0,76.9811320754717
"Are TB diagnostics continuously functional (microscopy and Expert) and their results available timely (microscopy, expert and culture)?[Questions 3, 4, 5, 6 and 7]","Durant le mois passé, combien de jours le microscope optique ou LED était opérationnel ?",Health Center,4479.0,7290.0,61.440329218106996
"Are TB diagnostics continuously functional (microscopy and Expert) and their results available timely (microscopy, expert and culture)?[Questions 3, 4, 5, 6 and 7]","Durant le mois passé, combien de jours le microscope optique ou LED était opérationnel ?","Hospital (DH,PH,RH)",3005.0,3150.0,95.3968253968254
"Are TB diagnostics continuously functional (microscopy and Expert) and their results available timely (microscopy, expert and culture)?[Questions 3, 4, 5, 6 and 7]","Pour les sites Xpert, durant le mois passé, combien de jours la machine Xpert était opérationnelle ?",Health Center,664.0,5880.0,11.292517006802722
"Are TB diagnostics continuously functional (microscopy and Expert) and their results available timely (microscopy, expert and culture)?[Questions 3, 4, 5, 6 and 7]","Pour les sites Xpert, durant le mois passé, combien de jours la machine Xpert était opérationnelle ?","Hospital (DH,PH,RH)",2522.0,3030.0,83.23432343234323
"Are TB diagnostics continuously functional (microscopy and Expert) and their results available timely (microscopy, expert and culture)?[Questions 3, 4, 5, 6 and 7]","Pour les sites Xpert, sur les 10 derniers patients présumés TB éligibles pour Xpert et dont leurs échantillons ont été examinés par Xpert, combien ont  les résultats Xpert disponibles endéans 3 jours de réception de l'échantillon?  ",Health Center,362.0,1900.0,19.05263157894737
"Are TB diagnostics continuously functional (microscopy and Expert) and their results available timely (microscopy, expert and culture)?[Questions 3, 4, 5, 6 and 7]","Pour les sites Xpert, sur les 10 derniers patients présumés TB éligibles pour Xpert et dont leurs échantillons ont été examinés par Xpert, combien ont  les résultats Xpert disponibles endéans 3 jours de réception de l'échantillon?  ","Hospital (DH,PH,RH)",820.0,1010.0,81.1881188118812
"Are TB diagnostics continuously functional (microscopy and Expert) and their results available timely (microscopy, expert and culture)?[Questions 3, 4, 5, 6 and 7]","Sur les 10 derniers cas presumes TB, combien ont beneficies des examens d'investigations (un ou plusieurs examens selon le cas).",Health Center,1698.0,2440.0,69.59016393442623
"Are TB diagnostics continuously functional (microscopy and Expert) and their results available timely (microscopy, expert and culture)?[Questions 3, 4, 5, 6 and 7]","Sur les 10 derniers cas presumes TB, combien ont beneficies des examens d'investigations (un ou plusieurs examens selon le cas).","Hospital (DH,PH,RH)",798.0,1050.0,76.0
"Are TB diagnostics continuously functional (microscopy and Expert) and their results available timely (microscopy, expert and culture)?[Questions 3, 4, 5, 6 and 7]","Sur les 10 derniers patients hospitalises ( 5 pediatrie,5Medecine interne), combien ont beneficie  du screening de la TB et prise en charge selon le protocole? ",Health Center,0.0,10.0,0.0
"Are TB diagnostics continuously functional (microscopy and Expert) and their results available timely (microscopy, expert and culture)?[Questions 3, 4, 5, 6 and 7]","Sur les 10 derniers patients hospitalises( 5 pediatrie,5Medecine interne), combien ont beneficie  du screening de la TB et prise en charge selon le protocole? ",Health Center,934.0,2180.0,42.84403669724771
"Are TB diagnostics continuously functional (microscopy and Expert) and their results available timely (microscopy, expert and culture)?[Questions 3, 4, 5, 6 and 7]","Sur les 10 derniers patients hospitalises( 5 pediatrie,5Medecine interne), combien ont beneficie  du screening de la TB et prise en charge selon le protocole? ","Hospital (DH,PH,RH)",692.0,1020.0,67.84313725490196
"Are TB diagnostics continuously functional (microscopy and Expert) and their results available timely (microscopy, expert and culture)?[Questions 3, 4, 5, 6 and 7]","Sur les échantillons reçus   il y a 3 jours, vérifier si les résultats sont mentionnés dans le registre de lab",Health Center,492.0,726.0,67.76859504132231
"Are TB diagnostics continuously functional (microscopy and Expert) and their results available timely (microscopy, expert and culture)?[Questions 3, 4, 5, 6 and 7]","Sur les échantillons reçus   il y a 3 jours, vérifier si les résultats sont mentionnés dans le registre de lab","Hospital (DH,PH,RH)",273.0,318.0,85.84905660377359
"Are TB diagnostics continuously functional (microscopy and Expert) and their results available timely (microscopy, expert and culture)?[Questions 3, 4, 5, 6 and 7]",Vérifier  pour les 5 derniers cas éligibles à la Culture  et DST si les résultats sont disponibles avec bon de résultat du LNR disponible ,Health Center,306.0,1065.0,28.732394366197184
"Are TB diagnostics continuously functional (microscopy and Expert) and their results available timely (microscopy, expert and culture)?[Questions 3, 4, 5, 6 and 7]",Vérifier  pour les 5 derniers cas éligibles à la Culture  et DST si les résultats sont disponibles avec bon de résultat du LNR disponible ,"Hospital (DH,PH,RH)",147.0,475.0,30.94736842105263
"Are TB monitoring tools existing, update and well used; Supervisions and internal trainings conducted? [Questions11, 12, 38, 39, 40, 41 and 42]","Durant le trimestre passé, la FOSA a-t-il reçu au moins deux supervisions/mentorship par trimestre par le HD (pour le CS) ou au moins une fois le semestre  par le niveau central  (pour le HD) sur la gestion des malades TB ?",Health Center,187.0,246.0,76.01626016260163
"Are TB monitoring tools existing, update and well used; Supervisions and internal trainings conducted? [Questions11, 12, 38, 39, 40, 41 and 42]","Durant le trimestre passé, la FOSA a-t-il reçu au moins deux supervisions/mentorship par trimestre par le HD (pour le CS) ou au moins une fois le semestre  par le niveau central  (pour le HD) sur la gestion des malades TB ?","Hospital (DH,PH,RH)",82.0,106.0,77.35849056603774
"Are TB monitoring tools existing, update and well used; Supervisions and internal trainings conducted? [Questions11, 12, 38, 39, 40, 41 and 42]",Enregistrement des cas de TB dans le systeme e-TB,Health Center,708.0,804.0,88.05970149253731
"Are TB monitoring tools existing, update and well used; Supervisions and internal trainings conducted? [Questions11, 12, 38, 39, 40, 41 and 42]",Enregistrement des cas de TB dans le systeme e-TB,"Hospital (DH,PH,RH)",1013.0,1042.0,97.2168905950096
"Are TB monitoring tools existing, update and well used; Supervisions and internal trainings conducted? [Questions11, 12, 38, 39, 40, 41 and 42]","Existe t-il  des versions actualisées du registre de laboratoire ( CDT/CT) 2023, registre des cas ( CDT /CT)  version 2023, registre de triage des tousseurs vesrion 2023 ,  Fiches de traitement 2022,   Bon de labo version 2022 , Registre du screening TB parmi le personnel existant",Health Center,153.0,250.0,61.199999999999996
"Are TB monitoring tools existing, update and well used; Supervisions and internal trainings conducted? [Questions11, 12, 38, 39, 40, 41 and 42]","Existe t-il  des versions actualisées du registre de laboratoire ( CDT/CT) 2023, registre des cas ( CDT /CT)  version 2023, registre de triage des tousseurs vesrion 2023 ,  Fiches de traitement 2022,   Bon de labo version 2022 , Registre du screening TB parmi le personnel existant","Hospital (DH,PH,RH)",182.0,220.0,82.72727272727273
"Are TB monitoring tools existing, update and well used; Supervisions and internal trainings conducted? [Questions11, 12, 38, 39, 40, 41 and 42]","Existe t-il  des versions actualisées du registre de laboratoire ( CDT/CT) 2023, registre des cas ( CDT /CT)  version 2023, registre de triage des tousseurs vesrion 2023 ,  Fiches de traitement 2022,  ? Bon de labo version 2022 , Registre du screening TB parmi le personnel existant",Health Center,36.0,45.0,80.0
"Are TB monitoring tools existing, update and well used; Supervisions and internal trainings conducted? [Questions11, 12, 38, 39, 40, 41 and 42]","Existe t-il  des versions actualisées du registre de laboratoire ( CDT/CT) 2023, registre des cas ( CDT /CT)  version 2023, registre de triage des tousseurs vesrion 2023 ,  Fiches de traitement 2022,  ? Bon de labo version 2022 , Registre du screening TB parmi le personnel existant","Hospital (DH,PH,RH)",15.0,20.0,75.0
"Are TB monitoring tools existing, update and well used; Supervisions and internal trainings conducted? [Questions11, 12, 38, 39, 40, 41 and 42]","Existe t-il  des versions actualisées du registre de laboratoire 2017, registre des cas 2017, registre screening staff 2015, Fiches de traitement 2017, samples tracking results register 2015 et sont  en cours d'utilisation? ",Health Center,813.0,855.0,95.08771929824562
"Are TB monitoring tools existing, update and well used; Supervisions and internal trainings conducted? [Questions11, 12, 38, 39, 40, 41 and 42]","Existe t-il  des versions actualisées du registre de laboratoire 2017, registre des cas 2017, registre screening staff 2015, Fiches de traitement 2017, samples tracking results register 2015 et sont  en cours d'utilisation? ","Hospital (DH,PH,RH)",255.0,260.0,98.07692307692307
"Are TB monitoring tools existing, update and well used; Supervisions and internal trainings conducted? [Questions11, 12, 38, 39, 40, 41 and 42]","Existe t-il  des versions actualisées du registre de laboratoire 2017, registre des cas 2020, registre screening staff , Fiches de traitement 2022, samples tracking results register 2015 et sont  en cours d'utilisation? Bon de labo version 2022 ",Health Center,60.0,65.0,92.3076923076923
"Are TB monitoring tools existing, update and well used; Supervisions and internal trainings conducted? [Questions11, 12, 38, 39, 40, 41 and 42]","Existe t-il  des versions actualisées du registre de laboratoire 2017, registre des cas 2020, registre screening staff , Fiches de traitement 2022, samples tracking results register 2015 et sont  en cours d'utilisation? Bon de labo version 2022 ","Hospital (DH,PH,RH)",24.0,25.0,96.0
"Are TB monitoring tools existing, update and well used; Supervisions and internal trainings conducted? [Questions11, 12, 38, 39, 40, 41 and 42]","Existe t-il  des versions actualisées du registre de laboratoire 2020, registre des cas 2020 registre screening staff 2015, Fiches de traitement 2020, samples tracking results register 2015 et sont  en cours d'utilisation? ",Health Center,5.0,5.0,100.0
"Are TB monitoring tools existing, update and well used; Supervisions and internal trainings conducted? [Questions11, 12, 38, 39, 40, 41 and 42]","Existe t-il  des versions actualisées du registre de laboratoire 2020, registre des cas 2020, registre screening staff 2020, Fiches de traitement 2020, samples tracking results register 2015 et sont  en cours d'utilisation? ","Hospital (DH,PH,RH)",3.0,5.0,60.0
"Are TB monitoring tools existing, update and well used; Supervisions and internal trainings conducted? [Questions11, 12, 38, 39, 40, 41 and 42]",La FOSA dispose-t-elle d'un plan de formations continues internes de son personnel sur la TB?,Health Center,102.0,244.0,41.80327868852459
"Are TB monitoring tools existing, update and well used; Supervisions and internal trainings conducted? [Questions11, 12, 38, 39, 40, 41 and 42]",La FOSA dispose-t-elle d'un plan de formations continues internes de son personnel sur la TB?,"Hospital (DH,PH,RH)",66.0,106.0,62.264150943396224
"Are TB monitoring tools existing, update and well used; Supervisions and internal trainings conducted? [Questions11, 12, 38, 39, 40, 41 and 42]",Le nombre de cas de TB ayant completé les résultat de traitement des malades dans e-TB il ya 6 mois,Health Center,653.0,796.0,82.03517587939699
"Are TB monitoring tools existing, update and well used; Supervisions and internal trainings conducted? [Questions11, 12, 38, 39, 40, 41 and 42]",Le nombre de cas de TB ayant completé les résultat de traitement des malades dans e-TB il ya 6 mois,"Hospital (DH,PH,RH)",1012.0,1197.0,84.54469507101085
"Are TB monitoring tools existing, update and well used; Supervisions and internal trainings conducted? [Questions11, 12, 38, 39, 40, 41 and 42]","Les prestataires des services ARV, Consultations externes, hospitalisations et de PEC de la TB,  ont -ils recu une formation sur la gestion de la TB et TB-HIV dans les 12 derniers mois?","Hospital (DH,PH,RH)",4.0,4.0,100.0
"Are TB monitoring tools existing, update and well used; Supervisions and internal trainings conducted? [Questions11, 12, 38, 39, 40, 41 and 42]","Les prestataires des services ARV, Consultations externes, hospitalisations et de PEC de la TB,  ont -ils recu une formation sur la gestion de la TB et TB-HIV dans les 12 derniers mois? ",Health Center,554.0,980.0,56.53061224489796
"Are TB monitoring tools existing, update and well used; Supervisions and internal trainings conducted? [Questions11, 12, 38, 39, 40, 41 and 42]","Les prestataires des services ARV, Consultations externes, hospitalisations et de PEC de la TB,  ont -ils recu une formation sur la gestion de la TB et TB-HIV dans les 12 derniers mois? ","Hospital (DH,PH,RH)",270.0,420.0,64.28571428571429
"Are TB monitoring tools existing, update and well used; Supervisions and internal trainings conducted? [Questions11, 12, 38, 39, 40, 41 and 42]","Pour le trimestre passé, combien de rapports de supervisions mensuelles des encadreurs des agents de Santé communautaire du CS  vers les ASC sont disponibles  et archivés  incluant le rapport de sensibilsation ,depistage , et prise en charge des cas  , les patients presumés de TB ",Health Center,348.0,732.0,47.540983606557376
"Are TB monitoring tools existing, update and well used; Supervisions and internal trainings conducted? [Questions11, 12, 38, 39, 40, 41 and 42]","Pour le trimestre passé, combien de rapports de supervisions mensuelles des encadreurs des agents de Santé communautaire du CS  vers les ASC sont disponibles  et archivés  incluant le rapport de sensibilsation ,depistage , et prise en charge des cas  , les patients presumés de TB ","Hospital (DH,PH,RH)",30.0,270.0,11.11111111111111
"Are TB monitoring tools existing, update and well used; Supervisions and internal trainings conducted? [Questions11, 12, 38, 39, 40, 41 and 42]","Sur les 10 derniers patients présumés TB, combien ont une identification correcte: Numéros, date, nom, prénom, âge, sexe, adresse , ID et facteurs de risque TB et toute autre info necessaire selon les directives du TB M&E SOPs ?",Health Center,2057.0,2430.0,84.65020576131688
"Are TB monitoring tools existing, update and well used; Supervisions and internal trainings conducted? [Questions11, 12, 38, 39, 40, 41 and 42]","Sur les 10 derniers patients présumés TB, combien ont une identification correcte: Numéros, date, nom, prénom, âge, sexe, adresse , ID et facteurs de risque TB et toute autre info necessaire selon les directives du TB M&E SOPs ?","Hospital (DH,PH,RH)",892.0,1050.0,84.95238095238096
"Are TB monitoring tools existing, update and well used; Supervisions and internal trainings conducted? [Questions11, 12, 38, 39, 40, 41 and 42]","Sur les 10 derniers patients présumés TB, combien ont une identification correcte: Numéros, date, nom, prénom, âge, sexe, adresse , ID et facteurs de risque TB et toute autre info necessaire selon les directives du TB M&E SOPs ? LAB","Hospital (DH,PH,RH)",9.0,10.0,90.0
"Are TB monitoring tools existing, update and well used; Supervisions and internal trainings conducted? [Questions11, 12, 38, 39, 40, 41 and 42]","Sur les 5 derniers malades TB enregistrés (toutes formes), combien ont une identification correcte (Numéros, date, nom, prénom, âge, sexe, adresse et toute autre info necessaireselon les directives du TB M&E SOPs) ?",Health Center,1024.0,1220.0,83.93442622950819
"Are TB monitoring tools existing, update and well used; Supervisions and internal trainings conducted? [Questions11, 12, 38, 39, 40, 41 and 42]","Sur les 5 derniers malades TB enregistrés (toutes formes), combien ont une identification correcte (Numéros, date, nom, prénom, âge, sexe, adresse et toute autre info necessaireselon les directives du TB M&E SOPs) ?","Hospital (DH,PH,RH)",498.0,530.0,93.9622641509434
"Are TB monitoring tools existing, update and well used; Supervisions and internal trainings conducted? [Questions11, 12, 38, 39, 40, 41 and 42]","Sur les 5 derniers patients TPB+, combien ont les bons de laboratoires de diagnostique microscopique et/ou par genexpert agraffés sur la fiche de traitement ?",Health Center,1037.0,1216.0,85.2796052631579
"Are TB monitoring tools existing, update and well used; Supervisions and internal trainings conducted? [Questions11, 12, 38, 39, 40, 41 and 42]","Sur les 5 derniers patients TPB+, combien ont les bons de laboratoires de diagnostique microscopique et/ou par genexpert agraffés sur la fiche de traitement ?","Hospital (DH,PH,RH)",457.0,528.0,86.5530303030303
"Are TB patients early initiated on TB treatment and on ART (if indicated), and their bacteriological control performed according to guidelines?[Questions 16, 17, 18 and 19]","La FOSA (CDT ou CT) possede un bureau de ""one stop TB HIV service"" fonctionnel?",Health Center,205.0,244.0,84.01639344262296
"Are TB patients early initiated on TB treatment and on ART (if indicated), and their bacteriological control performed according to guidelines?[Questions 16, 17, 18 and 19]","La FOSA (CDT ou CT) possede un bureau de ""one stop TB HIV service"" fonctionnel?","Hospital (DH,PH,RH)",96.0,105.0,91.42857142857143
"Are TB patients early initiated on TB treatment and on ART (if indicated), and their bacteriological control performed according to guidelines?[Questions 16, 17, 18 and 19]","Sur les 5 derniers cas TB VIH+ sous anti-TB et enregistrés  le trimestre précédent, combien ont  ete mis  sous ARV endeans 8 semaines? ",Health Center,611.0,1095.0,55.79908675799087
"Are TB patients early initiated on TB treatment and on ART (if indicated), and their bacteriological control performed according to guidelines?[Questions 16, 17, 18 and 19]","Sur les 5 derniers cas TB VIH+ sous anti-TB et enregistrés  le trimestre précédent, combien ont  ete mis  sous ARV endeans 8 semaines? ","Hospital (DH,PH,RH)",370.0,490.0,75.51020408163265
"Are TB patients early initiated on TB treatment and on ART (if indicated), and their bacteriological control performed according to guidelines?[Questions 16, 17, 18 and 19]","Sur les 5 derniers cas TB sous anti-TB, combien ont initié le traitement TB au plus tard le lendemain du diagnostic TB ?",Health Center,948.0,1211.0,78.2824112303881
"Are TB patients early initiated on TB treatment and on ART (if indicated), and their bacteriological control performed according to guidelines?[Questions 16, 17, 18 and 19]","Sur les 5 derniers cas TB sous anti-TB, combien ont initié le traitement TB au plus tard le lendemain du diagnostic TB ?","Hospital (DH,PH,RH)",484.0,523.0,92.54302103250478
"Are TB patients early initiated on TB treatment and on ART (if indicated), and their bacteriological control performed according to guidelines?[Questions 16, 17, 18 and 19]","Sur les 5 derniers cas TB sous anti-TB, combien parmi eux le dosage concorde avec le poids?",Health Center,1057.0,1211.0,87.28323699421965
"Are TB patients early initiated on TB treatment and on ART (if indicated), and their bacteriological control performed according to guidelines?[Questions 16, 17, 18 and 19]","Sur les 5 derniers cas TB sous anti-TB, combien parmi eux le dosage concorde avec le poids?","Hospital (DH,PH,RH)",511.0,528.0,96.78030303030303
"Are TB patients early initiated on TB treatment and on ART (if indicated), and their bacteriological control performed according to guidelines?[Questions 16, 17, 18 and 19]","Sur les 5 derniers patients TPB+, combien ont tous les examens de contrôle bacilloscopique réalisés selon les normes du programme (fin de la phase intensive, au cours du 5 mois et a la fin du 5ieme mois , à la fin du traitement)?",Health Center,813.0,960.0,84.6875
"Are TB patients early initiated on TB treatment and on ART (if indicated), and their bacteriological control performed according to guidelines?[Questions 16, 17, 18 and 19]","Sur les 5 derniers patients TPB+, combien ont tous les examens de contrôle bacilloscopique réalisés selon les normes du programme (fin de la phase intensive, au cours du 5 mois et a la fin du 5ieme mois , à la fin du traitement)?","Hospital (DH,PH,RH)",377.0,427.0,88.2903981264637
"Are algorithms for TB screening, TB diagnosis and TB treatment available and displayed in health facilities?[Questions 1 and 10]","Les services VIH/ARV, Consultations externes, hospitalisations et de PEC de la TB disposent ils du manuel technique  de TB&ORD version 2020.",Health Center,247.0,280.0,88.21428571428571
"Are algorithms for TB screening, TB diagnosis and TB treatment available and displayed in health facilities?[Questions 1 and 10]","Les services VIH/ARV, Consultations externes, hospitalisations et de PEC de la TB disposent ils du manuel technique  de TB&ORD version 2020.","Hospital (DH,PH,RH)",189.0,204.0,92.64705882352942
"Are algorithms for TB screening, TB diagnosis and TB treatment available and displayed in health facilities?[Questions 1 and 10]","Les services VIH/ARV, Consultations externes, hospitalisations et de PEC de la TB disposent ils la boite des algorithmes de TB&ORD version 2017.",Health Center,689.0,804.0,85.69651741293532
"Are algorithms for TB screening, TB diagnosis and TB treatment available and displayed in health facilities?[Questions 1 and 10]","Les services VIH/ARV, Consultations externes, hospitalisations et de PEC de la TB disposent ils la boite des algorithmes de TB&ORD version 2017.","Hospital (DH,PH,RH)",265.0,268.0,98.88059701492537
"Are algorithms for TB screening, TB diagnosis and TB treatment available and displayed in health facilities?[Questions 1 and 10]","Les services VIH/ARV, Consultations externes, hospitalisations et de PEC de la TB disposent ils la boite des algorithmes de TB&ORD version 2022",Health Center,4.0,4.0,100.0
"Are algorithms for TB screening, TB diagnosis and TB treatment available and displayed in health facilities?[Questions 1 and 10]","Les services VIH/ARV, Consultations externes, hospitalisations et de PEC de la TB disposent ils la boite des algorithmes de TB&ORD version 2022.",Health Center,4.0,20.0,20.0
"Are algorithms for TB screening, TB diagnosis and TB treatment available and displayed in health facilities?[Questions 1 and 10]","Les services VIH/ARV, Consultations externes, hospitalisations et de PEC de la TB disposent ils la boite des algorithmes de TB&ORD version 2022..",Health Center,109.0,148.0,73.64864864864865
"Are algorithms for TB screening, TB diagnosis and TB treatment available and displayed in health facilities?[Questions 1 and 10]","Les services VIH/ARV, Consultations externes, hospitalisations et de PEC de la TB disposent ils la boite des algorithmes de TB&ORD version 2022..","Hospital (DH,PH,RH)",127.0,144.0,88.19444444444444
"Are algorithms for TB screening, TB diagnosis and TB treatment available and displayed in health facilities?[Questions 1 and 10]","Les services VIH/ARV, Consultations externes, hospitalisations et de PEC de la TB disposent ils la boite des algorithmes de TB&ORD version 2022..opd","Hospital (DH,PH,RH)",4.0,4.0,100.0
"Are algorithms for TB screening, TB diagnosis and TB treatment available and displayed in health facilities?[Questions 1 and 10]","Les services VIH/ARV, Consultations externes, hospitalisations et de PEC de la TB disposent ils la boite des algorithmes de TB&ORD version.","Hospital (DH,PH,RH)",4.0,4.0,100.0
"Are patients with multi drugs resistant TB (MDR-TB) in ambulatory phase controlled (microscopy and culture) for effectiveness of their treatment? [Questions New 46, new 47 and new 48]","1. Vérifier dans le registre TB-MR national le nombre total des malades TB-MR suivis dans la formation sanitaire évaluée;
2. Vérifier la présence des bons de laboratoire pour culture;
3. Vérifier le dossier médical TB-MR.
4. Considérer la date d'arrivée du patient dans la FOSA.",Health Center,24.0,56.0,42.857142857142854
"Are patients with multi drugs resistant TB (MDR-TB) in ambulatory phase controlled (microscopy and culture) for effectiveness of their treatment? [Questions New 46, new 47 and new 48]","1. Vérifier dans le registre TB-MR national le nombre total des malades TB-MR suivis dans la formation sanitaire évaluée;
2. Vérifier la présence des bons de laboratoire pour culture;
3. Vérifier le dossier médical TB-MR.
4. Considérer la date d'arrivée du patient dans la FOSA.","Hospital (DH,PH,RH)",39.0,66.0,59.09090909090909
"Are patients with multi drugs resistant TB (MDR-TB) in ambulatory phase controlled (microscopy and culture) for effectiveness of their treatment? [Questions New 46, new 47 and new 48]","1. Vérifier dans le registre TB-MR national le nombre total des malades TB-MR suivis dans la formation sanitaire évaluée;
2. Vérifier la présence des résultats de microscopie sur les bons de laboratoire;
3. Vérifier le dossier médical TB-MR;
4. Considérer la date d'arrivée du patient dans la FOSA.",Health Center,14.0,52.0,26.923076923076923
"Are patients with multi drugs resistant TB (MDR-TB) in ambulatory phase controlled (microscopy and culture) for effectiveness of their treatment? [Questions New 46, new 47 and new 48]","1. Vérifier dans le registre TB-MR national le nombre total des malades TB-MR suivis dans la formation sanitaire évaluée;
2. Vérifier la présence des résultats de microscopie sur les bons de laboratoire;
3. Vérifier le dossier médical TB-MR;
4. Considérer la date d'arrivée du patient dans la FOSA.","Hospital (DH,PH,RH)",41.0,71.0,57.74647887323944
"Are patients with multi drugs resistant TB (MDR-TB) in ambulatory phase controlled (microscopy and culture) for effectiveness of their treatment? [Questions New 46, new 47 and new 48]","1. Vérifier dans le registre TB-MR national le nombre total des malades TB-MR suivis dans la formation sanitaire évaluée;
2. Vérifier la présence des résultats sur les bons de laboratoire pour culture;
3. Vérifier le dossier médical TB-MR.",Health Center,3.0,29.0,10.344827586206897
"Are patients with multi drugs resistant TB (MDR-TB) in ambulatory phase controlled (microscopy and culture) for effectiveness of their treatment? [Questions New 46, new 47 and new 48]","1. Vérifier dans le registre TB-MR national le nombre total des malades TB-MR suivis dans la formation sanitaire évaluée;
2. Vérifier la présence des résultats sur les bons de laboratoire pour culture;
3. Vérifier le dossier médical TB-MR.","Hospital (DH,PH,RH)",27.0,53.0,50.943396226415096
"Are rooms where TB services are provided well ventilated and Health workers personal protection existing and used? [Questions 33, 34, 35, 36 and 37]",Existe t-il un ventilateur d'extraction fonctionnel ?/ Is there an extractor fan function?,Health Center,43.0,243.0,17.695473251028808
"Are rooms where TB services are provided well ventilated and Health workers personal protection existing and used? [Questions 33, 34, 35, 36 and 37]",Existe t-il un ventilateur d'extraction fonctionnel ?/ Is there an extractor fan function?,"Hospital (DH,PH,RH)",52.0,106.0,49.056603773584904
"Are rooms where TB services are provided well ventilated and Health workers personal protection existing and used? [Questions 33, 34, 35, 36 and 37]",Le personnel a ete formé sur le port correct de masques respirateurs?(verifier en lui demandant de porter/ Staff have been trained on proper fit of respirators?(check by asking her to wear).,Health Center,210.0,242.0,86.77685950413223
"Are rooms where TB services are provided well ventilated and Health workers personal protection existing and used? [Questions 33, 34, 35, 36 and 37]",Le personnel a ete formé sur le port correct de masques respirateurs?(verifier en lui demandant de porter/ Staff have been trained on proper fit of respirators?(check by asking her to wear).,"Hospital (DH,PH,RH)",100.0,105.0,95.23809523809523
"Are rooms where TB services are provided well ventilated and Health workers personal protection existing and used? [Questions 33, 34, 35, 36 and 37]",Les masques respirateurs sont disponible pour le staff (Labo et prise en charge TB) / Respirators masks are readily available for staff.,Health Center,202.0,243.0,83.1275720164609
"Are rooms where TB services are provided well ventilated and Health workers personal protection existing and used? [Questions 33, 34, 35, 36 and 37]",Les masques respirateurs sont disponible pour le staff (Labo et prise en charge TB) / Respirators masks are readily available for staff.,"Hospital (DH,PH,RH)",98.0,106.0,92.45283018867924
"Are rooms where TB services are provided well ventilated and Health workers personal protection existing and used? [Questions 33, 34, 35, 36 and 37]",Les posters  pour garder les portes et les fenêtres ouvertes lorsque cela est possible sonten place/Signage is in place to keep doors and windows open when feasible.,Health Center,209.0,246.0,84.95934959349594
"Are rooms where TB services are provided well ventilated and Health workers personal protection existing and used? [Questions 33, 34, 35, 36 and 37]",Les posters  pour garder les portes et les fenêtres ouvertes lorsque cela est possible sonten place/Signage is in place to keep doors and windows open when feasible.,"Hospital (DH,PH,RH)",98.0,106.0,92.45283018867924
"Are rooms where TB services are provided well ventilated and Health workers personal protection existing and used? [Questions 33, 34, 35, 36 and 37]",Les salles dattente sont dans un espace aéré ou suffisamment ventilé/ Waiting rooms are in a ventilated space or sufficient ventilation,Health Center,222.0,243.0,91.35802469135803
"Are rooms where TB services are provided well ventilated and Health workers personal protection existing and used? [Questions 33, 34, 35, 36 and 37]",Les salles dattente sont dans un espace aéré ou suffisamment ventilé/ Waiting rooms are in a ventilated space or sufficient ventilation,"Hospital (DH,PH,RH)",99.0,105.0,94.28571428571428
"Are stocks of TB drugs and reagents well monitored? [Questions 13, 14 and 15]","Chaque médicament anti-TB de 1ère ligne a sa  fiche de stock complètement et correctement rempli, incluant le nom du produit, dosage, forme,  numéro de lot, date dexpiration,  les transactions sont mentionnées à leur date denregistrement, le stock maximum, minimum et le point de commande durgence, la consommation mensuelle, le nombre de mois de stock. [Pour le CDTvérifier tous les médicaments: RHZE, RH adult,  RHZ,et E, RH enfant, Tuberculin]",Health Center,190.0,242.0,78.51239669421489
"Are stocks of TB drugs and reagents well monitored? [Questions 13, 14 and 15]","Chaque médicament anti-TB de 1ère ligne a sa  fiche de stock complètement et correctement rempli, incluant le nom du produit, dosage, forme,  numéro de lot, date dexpiration,  les transactions sont mentionnées à leur date denregistrement, le stock maximum, minimum et le point de commande durgence, la consommation mensuelle, le nombre de mois de stock. [Pour le CDTvérifier tous les médicaments: RHZE, RH adult,  RHZ,et E, RH enfant, Tuberculin]","Hospital (DH,PH,RH)",90.0,105.0,85.71428571428571
"Are stocks of TB drugs and reagents well monitored? [Questions 13, 14 and 15]","Chaque réactif utilisé pour le laboratoire de TB a sa  fiche de stock complètement et correctement rempli, incluant le nom du produit, dosage, forme,  numéro de lot, date dexpiration,  les transactions sont mentionnées à leur date denregistrement, le stock maximum, minimum et le point de commande durgence, la consommation mensuelle, le nombre de mois de stock. ",Health Center,151.0,242.0,62.396694214876035
"Are stocks of TB drugs and reagents well monitored? [Questions 13, 14 and 15]","Chaque réactif utilisé pour le laboratoire de TB a sa  fiche de stock complètement et correctement rempli, incluant le nom du produit, dosage, forme,  numéro de lot, date dexpiration,  les transactions sont mentionnées à leur date denregistrement, le stock maximum, minimum et le point de commande durgence, la consommation mensuelle, le nombre de mois de stock. ","Hospital (DH,PH,RH)",95.0,105.0,90.47619047619048
"Are stocks of TB drugs and reagents well monitored? [Questions 13, 14 and 15]","Les   médicamenst anti-TB  de 1ère ligne, le solde sur la fiche de stock correspond à la quantité physique à la Phcie Stock+Phcie la fiche de  Dispensation est regulièrement realisé  [Pour l'hopital vérifier tous les médicaments. Pour le centre de sante: RHZE et RH adult]",Health Center,196.0,243.0,80.65843621399176
"Are stocks of TB drugs and reagents well monitored? [Questions 13, 14 and 15]","Les   médicamenst anti-TB  de 1ère ligne, le solde sur la fiche de stock correspond à la quantité physique à la Phcie Stock+Phcie la fiche de  Dispensation est regulièrement realisé  [Pour l'hopital vérifier tous les médicaments. Pour le centre de sante: RHZE et RH adult]","Hospital (DH,PH,RH)",94.0,106.0,88.67924528301887
Are there personnel trained on Practical Approach to Lung Health (PAL) strategy and PAL instruments available for use? [QuestionsNew 44 and New 45],"*Salbutamol en Aérosol pour crises legères qui agit immédiatement . 

* Béclomethasone en Aérosol  pour les crises persistantes sevère.

",Health Center,345.0,486.0,70.98765432098766
Are there personnel trained on Practical Approach to Lung Health (PAL) strategy and PAL instruments available for use? [QuestionsNew 44 and New 45],"*Salbutamol en Aérosol pour crises legères qui agit immédiatement . 

* Béclomethasone en Aérosol  pour les crises persistantes sevère.

","Hospital (DH,PH,RH)",184.0,212.0,86.79245283018868
Are there personnel trained on Practical Approach to Lung Health (PAL) strategy and PAL instruments available for use? [QuestionsNew 44 and New 45],"Catégories (Cfr PAL Guide, page 20)",Health Center,7962.0,9822.0,81.06291997556507
Are there personnel trained on Practical Approach to Lung Health (PAL) strategy and PAL instruments available for use? [QuestionsNew 44 and New 45],"Catégories (Cfr PAL Guide, page 20)","Hospital (DH,PH,RH)",1813.0,1845.0,98.26558265582655
Are there personnel trained on Practical Approach to Lung Health (PAL) strategy and PAL instruments available for use? [QuestionsNew 44 and New 45],La FOSA a-t-elle  au moins un infirmier et/ou Médecin formé sur l' Approche Pratique de la Santé Respiratoire (APSR/PAL) qui travaille dans le service de consultation et/ou NCDs,Health Center,166.0,243.0,68.3127572016461
Are there personnel trained on Practical Approach to Lung Health (PAL) strategy and PAL instruments available for use? [QuestionsNew 44 and New 45],La FOSA a-t-elle  au moins un infirmier et/ou Médecin formé sur l' Approche Pratique de la Santé Respiratoire (APSR/PAL) qui travaille dans le service de consultation et/ou NCDs,"Hospital (DH,PH,RH)",90.0,105.0,85.71428571428571
Are there personnel trained on Practical Approach to Lung Health (PAL) strategy and PAL instruments available for use? [QuestionsNew 44 and New 45],La FOSA dispose d'un guideline de PEC des maladies des voies respiratoires et les cas d'asthme sont bien classifiés dans le registre de consultation générale (NCDs Service) ?,Health Center,742.0,1200.0,61.83333333333333
Are there personnel trained on Practical Approach to Lung Health (PAL) strategy and PAL instruments available for use? [QuestionsNew 44 and New 45],La FOSA dispose d'un guideline de PEC des maladies des voies respiratoires et les cas d'asthme sont bien classifiés dans le registre de consultation générale (NCDs Service) ?,"Hospital (DH,PH,RH)",409.0,515.0,79.41747572815534
Are there personnel trained on Practical Approach to Lung Health (PAL) strategy and PAL instruments available for use? [QuestionsNew 44 and New 45],La FOSA dispose du matériel de diagnostique et de suivi des problèmes respiratoires ,Health Center,997.0,1464.0,68.10109289617486
Are there personnel trained on Practical Approach to Lung Health (PAL) strategy and PAL instruments available for use? [QuestionsNew 44 and New 45],La FOSA dispose du matériel de diagnostique et de suivi des problèmes respiratoires ,"Hospital (DH,PH,RH)",547.0,636.0,86.0062893081761
Are there personnel trained on Practical Approach to Lung Health (PAL) strategy and PAL instruments available for use? [QuestionsNew 44 and New 45],Les cas de BPCO/COPD sont bien classifiés dans le registre de consultation générale (NCDs Service) ?,Health Center,477.0,1130.0,42.21238938053097
Are there personnel trained on Practical Approach to Lung Health (PAL) strategy and PAL instruments available for use? [QuestionsNew 44 and New 45],Les cas de BPCO/COPD sont bien classifiés dans le registre de consultation générale (NCDs Service) ?,"Hospital (DH,PH,RH)",327.0,500.0,65.4
"Does TB infection control plan exist, implemented and its implementation monitored?[Questions 20, 21, 22, 23, 24 and 25]","Demander deux staffs dans chacun des services de consultation externe, ARV, hospitalisation et laboratoire s'ils connaissent l'existence de plan de controle d'infection tuberculeuse(valider si le staff peut te dire le trois mesures CI:administrative, environnementale et protection personnelle)/ Ask staffs in outpatient services, ARVs, laboratory and hospital if they are aware of TB infection control plan (validate whether the staff can tell you the three IC measures: administrative, environmental and personal protection)",Health Center,1318.0,1968.0,66.97154471544715
"Does TB infection control plan exist, implemented and its implementation monitored?[Questions 20, 21, 22, 23, 24 and 25]","Demander deux staffs dans chacun des services de consultation externe, ARV, hospitalisation et laboratoire s'ils connaissent l'existence de plan de controle d'infection tuberculeuse(valider si le staff peut te dire le trois mesures CI:administrative, environnementale et protection personnelle)/ Ask staffs in outpatient services, ARVs, laboratory and hospital if they are aware of TB infection control plan (validate whether the staff can tell you the three IC measures: administrative, environmental and personal protection)","Hospital (DH,PH,RH)",642.0,848.0,75.70754716981132
"Does TB infection control plan exist, implemented and its implementation monitored?[Questions 20, 21, 22, 23, 24 and 25]",Existe t il un comite et un point focal de controle de l'infection?/ Is there a committee and a focal point for control of infection?,Health Center,340.0,490.0,69.38775510204081
"Does TB infection control plan exist, implemented and its implementation monitored?[Questions 20, 21, 22, 23, 24 and 25]",Existe t il un comite et un point focal de controle de l'infection?/ Is there a committee and a focal point for control of infection?,"Hospital (DH,PH,RH)",194.0,210.0,92.38095238095238
"Does TB infection control plan exist, implemented and its implementation monitored?[Questions 20, 21, 22, 23, 24 and 25]",Existe t-il un plan de control de l'infection TB actualise (annee fiscale ou annee calendaire actuelle)/ Is there a plan to control TB infection updates (current fiscal year or calendar year),Health Center,156.0,246.0,63.41463414634146
"Does TB infection control plan exist, implemented and its implementation monitored?[Questions 20, 21, 22, 23, 24 and 25]",Existe t-il un plan de control de l'infection TB actualise (annee fiscale ou annee calendaire actuelle)/ Is there a plan to control TB infection updates (current fiscal year or calendar year),"Hospital (DH,PH,RH)",81.0,106.0,76.41509433962264
"Does TB infection control plan exist, implemented and its implementation monitored?[Questions 20, 21, 22, 23, 24 and 25]",Existe t-il une evaluation de plan de controle de l'infection/ Is there an infection control plan assessment ,Health Center,95.0,243.0,39.09465020576132
"Does TB infection control plan exist, implemented and its implementation monitored?[Questions 20, 21, 22, 23, 24 and 25]",Existe t-il une evaluation de plan de controle de l'infection/ Is there an infection control plan assessment ,"Hospital (DH,PH,RH)",58.0,106.0,54.71698113207547
"Does TB infection control plan exist, implemented and its implementation monitored?[Questions 20, 21, 22, 23, 24 and 25]",La formation sur terrain sur les mesures CI a ete faite/ On site training on IC measures has been done,Health Center,112.0,245.0,45.714285714285715
"Does TB infection control plan exist, implemented and its implementation monitored?[Questions 20, 21, 22, 23, 24 and 25]",La formation sur terrain sur les mesures CI a ete faite/ On site training on IC measures has been done,"Hospital (DH,PH,RH)",61.0,106.0,57.54716981132076
"Does TB infection control plan exist, implemented and its implementation monitored?[Questions 20, 21, 22, 23, 24 and 25]",existe t-il un plan d'IEC (verifier si le theme sur la TB est donné au moins une fois la semaine)/ is there an IEC plan (check if TB topic is given at least once a week),Health Center,169.0,244.0,69.26229508196722
"Does TB infection control plan exist, implemented and its implementation monitored?[Questions 20, 21, 22, 23, 24 and 25]",existe t-il un plan d'IEC (verifier si le theme sur la TB est donné au moins une fois la semaine)/ is there an IEC plan (check if TB topic is given at least once a week),"Hospital (DH,PH,RH)",80.0,105.0,76.19047619047619
Does the BMI monitored for TB Patients and nutritional support provided to the eligible patients?[Questions New_70 and New_71],"Sur les 5 derniers patients, combien de patients dont le  poids est mentionne sur la fiche chaque mois ainsi que le BMI calcule au debut du traitement TB",Health Center,786.0,1210.0,64.95867768595042
Does the BMI monitored for TB Patients and nutritional support provided to the eligible patients?[Questions New_70 and New_71],"Sur les 5 derniers patients, combien de patients dont le  poids est mentionne sur la fiche chaque mois ainsi que le BMI calcule au debut du traitement TB","Hospital (DH,PH,RH)",349.0,523.0,66.73040152963671
Does the BMI monitored for TB Patients and nutritional support provided to the eligible patients?[Questions New_70 and New_71],Verifier sur les 5  patients ayant BMI< a 18.5 s'il ont recu CSB selon les  directives du programme ( 7.5kg/mois/patient pendant 6mois),Health Center,575.0,1155.0,49.78354978354979
Does the BMI monitored for TB Patients and nutritional support provided to the eligible patients?[Questions New_70 and New_71],Verifier sur les 5  patients ayant BMI< a 18.5 s'il ont recu CSB selon les  directives du programme ( 7.5kg/mois/patient pendant 6mois),"Hospital (DH,PH,RH)",307.0,500.0,61.4
"Is active case finding conducted in TB high risk groups?[Questions 2, 8 and 9]","Parmis des enfants dont on a fait le screening de la TB positif durant les deux trimestres precedents, combien ont beneficie du Test d'intra dermo reaction a la Tuberculine ou de l'examen de laboratoire?",Health Center,3597.0,4220.0,85.23696682464454
"Is active case finding conducted in TB high risk groups?[Questions 2, 8 and 9]","Parmis des enfants dont on a fait le screening de la TB positif durant les deux trimestres precedents, combien ont beneficie du Test d'intra dermo reaction a la Tuberculine ou de l'examen de laboratoire?","Hospital (DH,PH,RH)",153.0,212.0,72.16981132075472
"Is active case finding conducted in TB high risk groups?[Questions 2, 8 and 9]","Sur 10 nouveaux prisonniers entrés au cours de la période evaluée, combien ont beneficié du screening TB á l'entrée ",Health Center,70.0,1820.0,3.8461538461538463
"Is active case finding conducted in TB high risk groups?[Questions 2, 8 and 9]","Sur 10 nouveaux prisonniers entrés au cours de la période evaluée, combien ont beneficié du screening TB á l'entrée ","Hospital (DH,PH,RH)",30.0,840.0,3.571428571428571
"Is active case finding conducted in TB high risk groups?[Questions 2, 8 and 9]","Sur 10 nouveaux prisonniers sortants au cours de la période evaluée, combien ont beneficié du screening TB á la sortie",Health Center,85.0,1820.0,4.670329670329671
"Is active case finding conducted in TB high risk groups?[Questions 2, 8 and 9]","Sur 10 nouveaux prisonniers sortants au cours de la période evaluée, combien ont beneficié du screening TB á la sortie","Hospital (DH,PH,RH)",30.0,830.0,3.614457831325301
"Is active case finding conducted in TB high risk groups?[Questions 2, 8 and 9]","Sur les 10 derniers enfants  enregistrées dans le service de PECIME,  combien ont bénéfié du screening TB?",Health Center,2028.0,2430.0,83.4567901234568
"Is active case finding conducted in TB high risk groups?[Questions 2, 8 and 9]","Sur les 10 derniers enfants  enregistrées dans le service de PECIME,  combien ont bénéfié du screening TB?","Hospital (DH,PH,RH)",127.0,920.0,13.804347826086957
"Is active case finding conducted in TB high risk groups?[Questions 2, 8 and 9]","Sur les 5 derniers patients TPB+ (cohorte enregistre trois trimestres auparavant) , pour combien les investigations de contacts ont été réalisées au debut et à la fin du traitement du cas-index?",Health Center,930.0,1205.0,77.17842323651453
"Is active case finding conducted in TB high risk groups?[Questions 2, 8 and 9]","Sur les 5 derniers patients TPB+ (cohorte enregistre trois trimestres auparavant) , pour combien les investigations de contacts ont été réalisées au debut et à la fin du traitement du cas-index?","Hospital (DH,PH,RH)",320.0,505.0,63.366336633663366
"Is active case finding conducted in TB high risk groups?[Questions 2, 8 and 9]",Verifier les enfants de moins de 5 ans TB contact sur  les fiches de traitement TPB+ s'ils ont commencé le traitement INH (Excepté celui diagnostiqué de TB) ,Health Center,860.0,1170.0,73.50427350427351
"Is active case finding conducted in TB high risk groups?[Questions 2, 8 and 9]",Verifier les enfants de moins de 5 ans TB contact sur  les fiches de traitement TPB+ s'ils ont commencé le traitement INH (Excepté celui diagnostiqué de TB) ,"Hospital (DH,PH,RH)",278.0,485.0,57.319587628865975
"Is the general population informed on cough hygiene, coughing patients separated from others, health facilities workers screened for TB?[Questions 26, 27, 28, 29, 30, 31 and 32]",Demander si le personnel infectés par le VIH est réaffecté au service qui a un faible risque de transmission de la tuberculose/ ask if HIV-infected staff are reassigned to service which has low risk of TB transmission.,Health Center,107.0,216.0,49.53703703703704
"Is the general population informed on cough hygiene, coughing patients separated from others, health facilities workers screened for TB?[Questions 26, 27, 28, 29, 30, 31 and 32]",Demander si le personnel infectés par le VIH est réaffecté au service qui a un faible risque de transmission de la tuberculose/ ask if HIV-infected staff are reassigned to service which has low risk of TB transmission.,"Hospital (DH,PH,RH)",51.0,96.0,53.125
"Is the general population informed on cough hygiene, coughing patients separated from others, health facilities workers screened for TB?[Questions 26, 27, 28, 29, 30, 31 and 32]",Existe t-il un registre de screening de la TB chez le personnel soignant et non soignant bien remplit?/ Is there a screening TB registry for health care provider well filled?,Health Center,208.0,243.0,85.59670781893004
"Is the general population informed on cough hygiene, coughing patients separated from others, health facilities workers screened for TB?[Questions 26, 27, 28, 29, 30, 31 and 32]",Existe t-il un registre de screening de la TB chez le personnel soignant et non soignant bien remplit?/ Is there a screening TB registry for health care provider well filled?,"Hospital (DH,PH,RH)",101.0,106.0,95.28301886792453
"Is the general population informed on cough hygiene, coughing patients separated from others, health facilities workers screened for TB?[Questions 26, 27, 28, 29, 30, 31 and 32]",Existe t-il une separation des tousseurs avec les autres patient qui ne toussent pas?/ Is there a separation of coughing patient with others who do not cough?,Health Center,196.0,243.0,80.65843621399176
"Is the general population informed on cough hygiene, coughing patients separated from others, health facilities workers screened for TB?[Questions 26, 27, 28, 29, 30, 31 and 32]",Existe t-il une separation des tousseurs avec les autres patient qui ne toussent pas?/ Is there a separation of coughing patient with others who do not cough?,"Hospital (DH,PH,RH)",95.0,105.0,90.47619047619048
"Is the general population informed on cough hygiene, coughing patients separated from others, health facilities workers screened for TB?[Questions 26, 27, 28, 29, 30, 31 and 32]",Il existe des affiches sur lhygiene de la toux postées au niveau de FOSA (salles d'attente consultation externe et ARV)/ There are posters on cough hygiene posted at FOSA (OPD and ART waiting rooms),Health Center,318.0,492.0,64.63414634146342
"Is the general population informed on cough hygiene, coughing patients separated from others, health facilities workers screened for TB?[Questions 26, 27, 28, 29, 30, 31 and 32]",Il existe des affiches sur lhygiene de la toux postées au niveau de FOSA (salles d'attente consultation externe et ARV)/ There are posters on cough hygiene posted at FOSA (OPD and ART waiting rooms),"Hospital (DH,PH,RH)",164.0,212.0,77.35849056603774
"Is the general population informed on cough hygiene, coughing patients separated from others, health facilities workers screened for TB?[Questions 26, 27, 28, 29, 30, 31 and 32]",Le screening de la tuberculose est fait systematiquement a tout le personnel au moins une fois l'an (dans le registre si le nombre correspond avec l'effectif de staff de la FOSA)/ The screening of tuberculosis has been done systematically to all staff at least once a year (check in the registry if the number corresponds with staff in HF),Health Center,205.0,242.0,84.71074380165288
"Is the general population informed on cough hygiene, coughing patients separated from others, health facilities workers screened for TB?[Questions 26, 27, 28, 29, 30, 31 and 32]",Le screening de la tuberculose est fait systematiquement a tout le personnel au moins une fois l'an (dans le registre si le nombre correspond avec l'effectif de staff de la FOSA)/ The screening of tuberculosis has been done systematically to all staff at least once a year (check in the registry if the number corresponds with staff in HF),"Hospital (DH,PH,RH)",96.0,105.0,91.42857142857143
"Is the general population informed on cough hygiene, coughing patients separated from others, health facilities workers screened for TB?[Questions 26, 27, 28, 29, 30, 31 and 32]",Le triage des tousseurs  est effectué au service d'ARV?/ Coughing triage is performed on ART clinic?,Health Center,156.0,242.0,64.46280991735537
"Is the general population informed on cough hygiene, coughing patients separated from others, health facilities workers screened for TB?[Questions 26, 27, 28, 29, 30, 31 and 32]",Le triage des tousseurs  est effectué au service d'ARV?/ Coughing triage is performed on ART clinic?,"Hospital (DH,PH,RH)",88.0,105.0,83.80952380952381
"Is the general population informed on cough hygiene, coughing patients separated from others, health facilities workers screened for TB?[Questions 26, 27, 28, 29, 30, 31 and 32]",Le triage des tousseurs  est effectué en consultation externe/ Coughing triage is performed on an outpatient department?,Health Center,166.0,245.0,67.75510204081633
"Is the general population informed on cough hygiene, coughing patients separated from others, health facilities workers screened for TB?[Questions 26, 27, 28, 29, 30, 31 and 32]",Le triage des tousseurs  est effectué en consultation externe/ Coughing triage is performed on an outpatient department?,"Hospital (DH,PH,RH)",74.0,106.0,69.81132075471697
"Leprosy control[Questions 43, 44, 45, 46, 47, 48, 49, 50 and 51]","Chaque mois, le suivi clinique est-il effectué pour tout malade mis sous traitement anti-lepreux durant les six derniers mois",Health Center,5.0,5.0,100.0
"Leprosy control[Questions 43, 44, 45, 46, 47, 48, 49, 50 and 51]","Chaque mois, le suivi clinique est-il effectué pour tout malade mis sous traitement anti-lepreux durant les six derniers mois","Hospital (DH,PH,RH)",4.0,4.0,100.0
"Leprosy control[Questions 43, 44, 45, 46, 47, 48, 49, 50 and 51]","Dans la PEC de la lepre, on ne parle pas de rupture de stock quand on n'a pas un malade à traiter. ",Health Center,7.0,7.0,100.0
"Leprosy control[Questions 43, 44, 45, 46, 47, 48, 49, 50 and 51]","Dans la PEC de la lepre, on ne parle pas de rupture de stock quand on n'a pas un malade à traiter. ","Hospital (DH,PH,RH)",33.0,33.0,100.0
"Leprosy control[Questions 43, 44, 45, 46, 47, 48, 49, 50 and 51]","Les examens de contact sont ils effectués au debut du traitement du cas index, et une fois l'annee pour les anciens cas.",Health Center,6.0,6.0,100.0
"Leprosy control[Questions 43, 44, 45, 46, 47, 48, 49, 50 and 51]","Les examens de contact sont ils effectués au debut du traitement du cas index, et une fois l'annee pour les anciens cas.","Hospital (DH,PH,RH)",4.0,4.0,100.0
"Leprosy control[Questions 43, 44, 45, 46, 47, 48, 49, 50 and 51]",Toute FOSA au niveau du pays doit donner  des séances d'IECs sur la lepre en se focalisant sur  les signes de suspicion.,Health Center,174.0,490.0,35.51020408163265
"Leprosy control[Questions 43, 44, 45, 46, 47, 48, 49, 50 and 51]",Toute FOSA au niveau du pays doit donner  des séances d'IECs sur la lepre en se focalisant sur  les signes de suspicion.,"Hospital (DH,PH,RH)",96.0,210.0,45.714285714285715
"Leprosy control[Questions 43, 44, 45, 46, 47, 48, 49, 50 and 51]",Toute FOSA au niveau du pays doit donner  des séances d'IECs sur la lepre en se focalisant sur  les signes de suspicion.inform educ communicatio,"Hospital (DH,PH,RH)",0.0,2.0,0.0
"Leprosy control[Questions 43, 44, 45, 46, 47, 48, 49, 50 and 51]","Vérifier ou s'assurer de l'existence et le remplissage des outils suivants:
1. Registre de dépistage/screening de lèpre
2. Fiche de traitement lèpre 
3. Registre de cas lèpre
4. Registre d'examen de contact/Chimio-prophylaxie 
5. Registre d'invalidités due à la lèpre
",Health Center,66.0,946.0,6.976744186046512
"Leprosy control[Questions 43, 44, 45, 46, 47, 48, 49, 50 and 51]","Vérifier ou s'assurer de l'existence et le remplissage des outils suivants:
1. Registre de dépistage/screening de lèpre
2. Fiche de traitement lèpre 
3. Registre de cas lèpre
4. Registre d'examen de contact/Chimio-prophylaxie 
5. Registre d'invalidités due à la lèpre
","Hospital (DH,PH,RH)",38.0,450.0,8.444444444444445
TPT Implementation [Questions 70 and71],"Existe t-il la registre TPT, protocole de prise en charge de la tuberculose latente/TPT version 2022, fiche de patient pour TPT(TPT patient file) ",Health Center,290.0,355.0,81.69014084507043
TPT Implementation [Questions 70 and71],"Existe t-il la registre TPT, protocole de prise en charge de la tuberculose latente/TPT version 2022, fiche de patient pour TPT(TPT patient file) ","Hospital (DH,PH,RH)",222.0,265.0,83.77358490566039
TPT Implementation [Questions 70 and71],"Sur 5 patients TPB+, leurs contacts agés de plus de 5 ans ont réçu l'IDR à la recherche de la TB latente?",Health Center,231.0,360.0,64.16666666666667
TPT Implementation [Questions 70 and71],"Sur 5 patients TPB+, leurs contacts agés de plus de 5 ans ont réçu l'IDR à la recherche de la TB latente?","Hospital (DH,PH,RH)",167.0,259.0,64.47876447876449
